Company,Link
AADHAR HOUSING FINAN,https://aadharhousing.com/
AAMAADMIPARTY,https://aamaadmiparty.org/
Aavas Financiers Lim,https://www.aavas.in/
ABHIPRA CAPITAL LTD,https://www.abhipra.com/
ANDB ,https://www.andhrabank.in/
BARB ,https://www.bankofbaroda.in/
BKID ,https://www.bankofindia.co.in/
CITI ,https://www.online.citibank.co.in/
CNRB ,https://www.canarabank.in/
CORP ,https://www.corpbank.com/
DR FILE DTD ,https://web-in-security.blogspot.com/2016/03/xxe-cheat-sheet.html
DR TPZ DT ,https://www.flipkart.com/dynosure-doctor-dt-sino-japan-bp-monitor/p/itmefstkasxdtzpy
HDFC ,https://www.hdfcbank.com/
HSBC ,https://www.hsbc.co.in/
IBKL ,https://www.idbi.com/index.asp
ICIC ,https://www.icicibank.com/
IDIB ,https://www.indianbank.net.in/
IOBA ,https://www.iob.in/
KKBK ,https://www.kotak.com/en.html
MAHB ,https://www.bankofmaharashtra.in/
ORBC ,https://www.obcindia.co.in/
PSIB ,https://www.psbindia.com/
SBIN ,https://www.onlinesbi.com/
SBTR ,https://bankifsccode.com/STATE_BANK_OF_TRAVANCORE
SCBL ,https://www.sc.com/in/
SIBL ,https://www.southindianbank.com/
SYNB ,https://www.syndicatebank.in/
UBIN ,https://www.unionbankofindia.co.in/
UCBA ,https://www.ucobank.com/
UTIB ,https://www.axisbank.com/
VIJB ,https://www.vijayabank.com/
YESB ,https://www.yesbank.in/
ACHAL,https://sharechat.com/post/yAVyeAd
ACHAL AND ACHAL,https://www.youtube.com/watch?v=0M9a3XoQFnc
ACHAL CHIT O,http://www.mca.gov.in/DataPortal/Ministry/DataPortal/Chit_Fund_Companies_1.pdf
ACHAL CHITTS,https://www.zaubacorp.com/company/ACHAL-CHITS-PRIVATE-LIMITED/U65992DL2004PTC126192
ACHAL GOYAL,https://www.facebook.com/public/Achal-Goyal
ACHALA,https://www.himalayanart.org/search/set.cfm?setID=199
ACHALA KULSHRESTHA,https://www.facebook.com/public/Achala-Kul
ACHAY LAL ,https://www.facebook.com/public/Achay-Lal
ACHDR FTPZ DT ,https://www.nelito.com/digital-banking/nach-mms.html
ACHDRTPZ A ,http://www.fxlog.co.uk/history/achdr
ACHDRTPZ DT ,http://www.ni.com/example/31215/en/
ACHHRI TANGRI,http://finediningindian.com/2017/03/11/how-to-make-achari-chicken-tangdi-kabab-party-food/
ACHIEVERS HOME,http://achievershome.com/
ACHIN,https://www.ifsccodebank.com/union-bank-ifsc-code/97/b1
ACHIN ,https://en.wikipedia.org/wiki/Achin_District
ACHIN GARG ,https://www.facebook.com/public/Achin-Garg
ACHIN KUMAR,https://in.linkedin.com/in/achinkumar
ACHLA PAHWA,https://www.facebook.com/achlapahwa.diarykepanne.blogspot.in/
ACHLA PAHWA ,https://www.facebook.com/achlapahwa.diarykepanne.blogspot.in/
ACHYUT ,https://www.bachpan.com/Meaning-of-Achyut.aspx
ADARSHCREDITCOOPLTD,http://adarshcredit.in/
ADARSHSAHIYOGCOOPTHR,http://adarshcredit.in/whats-new/
ADITSHFINTECHPVTLTD,https://www.zaubacorp.com/company/ADITSH-FINTECH-PRIVATE-LIMITED/U65929DL2017PTC326684
ADITY BIRLA FINANCE,https://abfl.adityabirlacapital.com/Pages/Individual/About-Us/Company-Profile.aspx
Aditya Birla Finance,https://abfl.adityabirlacapital.com/Pages/Individual/About-Us/Company-Profile.aspx
ADITYA BIRLA HOUSING,https://homefinance.adityabirlacapital.com/
AEGOLIFINSCOMPLTD,https://www.aeoncredit.co.in/
AeonCreditServiceInd,https://www.zaubacorp.com/company/AKANSHA-FINANCE-AND-LEASING-COMPANY-PRIVATE-LIMITED/U65910GJ1992PTC018391
AKAANKSHACREDITLEASE,https://www.zaubacorp.com/company/AKARA-CAPITAL-ADVISORS-PRIVATE-LIMITED/U74110DL2016PTC290970
AKARA CAPITAL ADVISO,https://www.zaubacorp.com/company/AKARA-CAPITAL-ADVISORS-PRIVATE-LIMITED/U74110DL2016PTC290970
AKARACAPITALADVISORS,https://www.alankit.com/group-company/alankit-assignments-limited
AlankitAssignmentsLi,https://www.alankit.com/group-company/alankit-assignments-limited
ALANKITASSIGNMENTSLT,https://www.alankit.com/group-company/alankit-assignments-limited
ALLAHABAD BANK,https://www.allahabadbank.in/
ALLAHABADBANKLNRP,https://www.allahabadbank.in/
ALLAHABADBANKUTBP,https://www.sulekha.com/itbp-exam-coaching/allahabad
AMERICAN EXPRESS BAN,https://www.americanexpress.com/in/
ANAND RATHI GLOBAL F,https://www.rathi.com/
ANANDRATHISHARESTOCK,https://www.rathi.com/
ANKUR TRADE LINKS PV,https://www.justdial.com/Delhi/Ankur-Trade-Links-Pvt-Ltd-Mini-Market-Yusuf-Sarai-Green-Park/011PXX11-XX11-171221060535-J5N3_BZDET
ARISTOSECURITIESPVTL,https://connect2india.com/ARISTO-SECURITIES-PRIVATE-LIMITED/1210360
ARTHOUSING,https://www.arthfc.com/
Au Financiers I Ltd,https://en.wikipedia.org/wiki/AU_Small_Finance_Bank
AU FINANCIERS INDIA,https://www.aubank.in/
AU SMALL BANK,https://www.aubank.in/
AU SMALL FINANCE BAN,https://www.aubank.in/
AuFinanciersIltd,https://en.wikipedia.org/wiki/AU_Small_Finance_Bank
AUHOUSINGFINANCELIMI,https://www.aavas.in/
AUHOUSINGFINANCELTD,https://www.aavas.in/
AUSFB Consumer Durab,https://www.aubank.in/legal/disclaimer
AUXILO FINSERVE PRIV,https://www.auxilo.com/
AVA Lifestyle Produc,https://www.zaubacorp.com/company/AVA-LIFESTYLE-PRODUCTS-SERVICES-PRIVATE-LIMITED/U71210DL2014PTC269797
AVANSE FINANCIAL SER,https://avanse.com/
AVIVA LIFE INSURAMNC,https://www.avivaindia.com/
AVIVA LIFE INSURANCE,https://www.avivaindia.com/
AVIVALIFEINSURANCE,https://www.avivaindia.com/
AXISMF,https://www.axismf.com/
AXISMUTUALFUND,https://www.axismf.com/
AYEFINANCEPVTLTD,http://www.ayefin.com/
BAJAJ CAPITAL LIMITE,https://www.bajajcapital.com/
BAJAJ FINANCE LTD,https://www.bajajfinserv.in/corporate-bajaj-finance
BAJAJCAPITALLTD,https://www.bajajcapital.com/
BAJRANGINVPLTD,https://www.youtube.com/watch?v=nqwPy2TgXp4
BAL BHARATI PUBLIC S,https://bbpsgr.balbharati.org/
BANKOFMAHARASHTRA,https://www.bankofmaharashtra.in/
BARB,https://intl.bobibanking.com/intl/fiji/terms.htm
BBPS DWARKA,https://bbpsdwarka.balbharati.org/
BBPS ROHINI,https://bbpsrohini.balbharati.org/
