housing+AF8-flg,Google+//0A4v/9AID//QCZ-s First Url,Category,,,,,
,,,,,,,
AADHAR HOUSING FINAN,https://aadharhousing.com/about+AC0-us/overview.php,Home Loan,,,,,
AAMAADMIPARTY,https://en.wikipedia.org/wiki/Aam+AF8-Aadmi+AF8-Party,other,,,,,
Aavas Financiers Lim,https://www.aavas.in/overview,Home Loan,,,,,
ABHIPRA CAPITAL LTD,https://www.abhipra.com/company+AC0-info/about+AC0-us,Investor,,,,,
ANDB ,https://en.wikipedia.org/wiki/Andhra+AF8-Bank+ACM-Products+AF8-and+AF8-services,Bank,,,,,
BARB ,https://en.wikipedia.org/wiki/Bank+AF8-of+AF8-Baroda,Bank,,,,,
BKID ,https://en.wikipedia.org/wiki/Bank+AF8-of+AF8-India,Bank,,,,,
CITI ,https://en.wikipedia.org/wiki/Citibank,Bank,,,,,
CNRB ,https://en.wikipedia.org/wiki/Canara+AF8-Bank,Bank,,,,,
CORP ,https://en.wikipedia.org/wiki/Corporation+AF8-Bank,Bank,,,,,
DR FILE DTD ,,other,,,,,
DR TPZ DT ,,other,,,,,
HDFC ,https://en.wikipedia.org/wiki/HDFC+AF8-Bank,Bank,,,,,
HSBC ,https://en.wikipedia.org/wiki/HSBC,Bank,,,,,
IBKL ,https://en.wikipedia.org/wiki/IDBI+AF8-Bank,Bank,,,,,
ICIC ,https://en.wikipedia.org/wiki/ICICI+AF8-Bank,Bank,,,,,
IDIB ,https://en.wikipedia.org/wiki/Indian+AF8-Bank,Bank,,,,,
IOBA ,https://en.wikipedia.org/wiki/Indian+AF8-Overseas+AF8-Bank,Bank,,,,,
KKBK ,https://en.wikipedia.org/wiki/Kotak+AF8-Mahindra+AF8-Bank,Bank,,,,,
MAHB ,https://en.wikipedia.org/wiki/Bank+AF8-of+AF8-Maharashtra,Bank,,,,,
ORBC ,https://en.wikipedia.org/wiki/Oriental+AF8-Bank+AF8-of+AF8-Commerce,Bank,,,,,
PSIB ,https://en.wikipedia.org/wiki/Punjab+AF8AJQ-26+AF8-Sind+AF8-Bank,Bank,,,,,
SBIN ,https://en.wikipedia.org/wiki/State+AF8-Bank+AF8-of+AF8-India,Bank,,,,,
SBTR ,https://en.wikipedia.org/wiki/State+AF8-Bank+AF8-of+AF8-Travancore,Bank,,,,,
SCBL ,https://en.wikipedia.org/wiki/Standard+AF8-Chartered,Bank,,,,,
SIBL ,https://en.wikipedia.org/wiki/South+AF8-Indian+AF8-Bank,Bank,,,,,
SYNB ,https://en.wikipedia.org/wiki/Syndicate+AF8-Bank,Bank,,,,,
UBIN ,https://en.wikipedia.org/wiki/Union+AF8-Bank+AF8-of+AF8-India,Bank,,,,,
UCBA ,https://en.wikipedia.org/wiki/UCO+AF8-Bank,Bank,,,,,
UTIB ,https://en.wikipedia.org/wiki/Axis+AF8-Bank,Bank,,,,,
VIJB ,https://en.wikipedia.org/wiki/Vijaya+AF8-Bank,Bank,,,,,
YESB ,https://en.wikipedia.org/wiki/Yes+AF8-Bank,Bank,,,,,
ACHAL,https://www.bloomberg.com/profile/company/8156206Z:IN,Investor,,,,,
ACHAL AND ACHAL,https://economictimes.indiatimes.com/company/achal+AC0-finance+AC0-limited+AC0-/U65992KA1992PLC012877,Investor,,,,,
ACHAL CHIT O,Nan,other,,,,,
ACHAL CHITTS,https://economictimes.indiatimes.com/company/achal+AC0-chits+AC0-private+AC0-limited+AC0-/U65992DL2004PTC126192,other,,,,,
ACHAL GOYAL,https://goyalsomani.com/about.html,LnInvest,,,,,
ACHALA,https://www.bloomberg.com/profile/company/8156206Z:IN,Investor,,,,,
ACHALA KULSHRESTHA,Nan,other,,,,,
ACHAY LAL ,Nan,other,,,,,
ACHDR FTPZ DT ,Nan,other,,,,,
ACHDRTPZ A ,Nan,other,,,,,
ACHDRTPZ DT ,Nan,other,,,,,
ACHHRI TANGRI,Nan,other,,,,,
ACHIEVERS HOME,Nan,other,,,,,
ACHIN,Nan,other,,,,,
ACHIN ,Nan,other,,,,,
ACHIN GARG ,https://www.zaubacorp.com/company/ACHIN+AC0-FINANCE+AC0-AND+AC0-LEASING+AC0-PRIVATE+AC0-LIMITED/U74899DL1995PTC067789,other,,,,,
ACHIN KUMAR,https://www.instafinancials.com/director/achin+AC0-kumar+AC0-bhardwaj/07925627,other,,,,,
ACHLA PAHWA,https://www.tofler.in/pahwa+AC0-buildwell+AC0-private+AC0-limited/company/U45201DL2005PTC136044,other,,,,,
ACHLA PAHWA ,https://www.tofler.in/pahwa+AC0-buildwell+AC0-private+AC0-limited/company/U45201DL2005PTC136044,other,,,,,
ACHYUT ,https://www.zaubacorp.com/company/ACHYUT+AC0-AND+AC0-NEETA+AC0-HOLDINGS+AC0-AND+AC0-FINANCE+AC0-PVT+AC0-LTD/U67120PN1993PTC073841,Investor,,,,,
ADARSHCREDITCOOPLTD,http://adarshcredit.in/about+AC0-us/,Investor,,,,,
ADARSHSAHIYOGCOOPTHR,Nan,other,,,,Finance +AD0- Investor+Loan+Insurancf/9-,
ADITSHFINTECHPVTLTD,https://connect2india.com/ADITSH+AC0-FINTECH+AC0-PRIVATE+AC0-LIMITED/5263974,LnInvest,,,,,
ADITY BIRLA FINANCE,https://www.bloomberg.com/research/stocks/private/snapshot.asp?privcapid+AD0-4493547,Finance,,,,,
Aditya Birla Finance,https://www.bloomberg.com/research/stocks/private/snapshot.asp?privcapid+AD0-4493547,Finance,,,,,
ADITYA BIRLA HOUSING,https://homefinance.adityabirlacapital.com/about+AC0-us/company+AC0-profile,Home Loan,,,,,
ADITYABIRLAHOSFINLTD,https://homefinance.adityabirlacapital.com/about+AC0-us/company+AC0-profile,Home Loan,,,,,
AEGOLIFINSCOMPLTD,Nan,other,,,,,
DCB Limited,,Loan,,,,,
AKAANKSHACREDITLEASE,,Investor,,,,,ASSMT +AD0- Insurance+Investor-
AKARA CAPITAL ADVISO,,Investor,,,,,
AKARACAPITALADVISORS,,Investor,,,,,
AlankitAssignmentsLi,,Assmt,,,,,
ALANKITASSIGNMENTSLT,,Assmt,,,,,
ALANKITASSMTLTD,,Assmt,,,,,
ALLAHABAD BANK,,Bank,,,,,
ALLAHABADBANKLNRP,,Bank,,,,,
ALLAHABADBANKUTBP,,Bank,,,,,
AMERICAN EXPRESS BAN,,Bank,,,,,
ANAND RATHI GLOBAL F,,Finance,,,,,
ANANDRATHISHARESTOCK,,Finance,,,,,
ANKUR TRADE LINKS PV,https://www.justdial.com/Delhi/Ankur+AC0-Trade+AC0-Links+AC0-Pvt+AC0-Ltd+AC0-Mini+AC0-Market+AC0-Yusuf+AC0-Sarai+AC0-Green+AC0-Park/011PXX11+AC0-XX11+AC0-171221060535+AC0-J5N3+AF8-BZDET,,,,,,
ARISTOSECURITIESPVTL,https://connect2india.com/ARISTO+AC0-SECURITIES+AC0-PRIVATE+AC0-LIMITED/1210360,,,,,,
ARTHOUSING,https://www.arthfc.com/,,,,,,
Au Financiers I Ltd,https://en.wikipedia.org/wiki/AU+AF8-Small+AF8-Finance+AF8-Bank,,,,,,
AU FINANCIERS INDIA,https://www.aubank.in/,,,,,,
AU SMALL BANK,https://www.aubank.in/,,,,,,
AU SMALL FINANCE BAN,https://www.aubank.in/,,,,,,
AuFinanciersIltd,https://en.wikipedia.org/wiki/AU+AF8-Small+AF8-Finance+AF8-Bank,,,,,,
AUHOUSINGFINANCELIMI,https://www.aavas.in/,,,,,,
AUHOUSINGFINANCELTD,https://www.aavas.in/,,,,,,
AUSFB Consumer Durab,https://www.aubank.in/legal/disclaimer,,,,,,
AUXILO FINSERVE PRIV,https://www.auxilo.com/,,,,,,
AVA Lifestyle Produc,https://www.zaubacorp.com/company/AVA+AC0-LIFESTYLE+AC0-PRODUCTS+AC0-SERVICES+AC0-PRIVATE+AC0-LIMITED/U71210DL2014PTC269797,,,,,,
AVANSE FINANCIAL SER,https://avanse.com/,,,,,,
AVIVA LIFE INSURAMNC,https://www.avivaindia.com/,,,,,,
AVIVA LIFE INSURANCE,https://www.avivaindia.com/,,,,,,
AVIVALIFEINSURANCE,https://www.avivaindia.com/,,,,,,
AXISMF,https://www.axismf.com/,,,,,,
AXISMUTUALFUND,https://www.axismf.com/,,,,,,
AYEFINANCEPVTLTD,http://www.ayefin.com/,,,,,,
BAJAJ CAPITAL LIMITE,https://www.bajajcapital.com/,,,,,,
BAJAJ FINANCE LTD,https://www.bajajfinserv.in/corporate+AC0-bajaj+AC0-finance,,,,,,
BAJAJCAPITALLTD,https://www.bajajcapital.com/,,,,,,
BAJRANGINVPLTD,https://www.youtube.com/watch?v+AD0-nqwPy2TgXp4,,,,,,
BAL BHARATI PUBLIC S,https://bbpsgr.balbharati.org/,,,,,,
BANKOFMAHARASHTRA,https://www.bankofmaharashtra.in/,,,,,,
BARB,https://dictionary.cambridge.org/dictionary/english/barb,,,,,,
BBPS DWARKA,https://bbpsdwarka.balbharati.org/,,,,,,
BBPS ROHINI,https://bbpsrohini.balbharati.org/,,,,,,
BD Aam Aadmi Party,https://aamaadmiparty.org/,,,,,,
BD Adani,https://scroll.in/article/881928/rs+AC0-7410+AC0-crore+AC0-question+AC0-jharkhand+AC0-amends+AC0-energy+AC0-policy+AC0-to+AC0-buy+AC0-power+AC0-from+AC0-adani+AC0-at+AC0-higher+AC0-price,,,,,,
BD AXIS MF,https://www.axismf.com/mutual+AC0-funds/debt+AC0-funds/axis+AC0-banking+AC0-psu+AC0-debt+AC0-fund/bd+AC0-gp/regular,,,,,,
BD BajajFinance,https://www.bajajfinserv.in/emi+AC0-network+AC0-camera+AC0-on+AC0-emi,,,,,,
BD Banayan Tree,http://bd.banyantree.com/,,,,,,
BD Bharti AXA,https://www.bharti+AC0-axalife.com/fund+AF8-performance/get+AC0-fund+AC0-values,,,,,,
BD BNP PARIBAS MF,https://www.bnpparibasmf.in/,,,,,,
BD BOBPMF MF,https://www.barodamf.com/,,,,,,
BD BSE,https://www.moneycontrol.com/india/stockpricequote/glass+AC0-glass+AC0-products/bdindustries/BDI01,,,,,,
BD BSE Limited,https://www.moneycontrol.com/india/stockpricequote/miscellaneous/bselimited/B08,,,,,,
BD BSESRAJE,,,,,,,
BD BSESYAMU,https://www.bsesdelhi.com/web/bypl,,,,,,
BD Camden,https://zestmoney.in/contact/,,,,,,
BD CANARA ROBECO MF,https://www.canararobeco.com/,,,,,,
BD CRYNACH,https://www.bankdirect.com/pdf/bd+AF8-electronic+AF8-funds+AF8-transfer+AF8-05+AF8-06.pdf,,,,,,
BD DCB Bank,https://www.dcbbank.com/,,,,,,
BD E Advisors Pvt L,https://www.monsterindia.com/amp/bde+AC0-sales+AC0-bd+AC0-jobs+AC0-in+AC0-india.html,,,,,,
BD ESSEL MF,https://www.esselfinance.com/mutual+AC0-fund/our+AC0-team,,,,,,
BD FranklinTempleton,https://www.franklintempletonindia.com/investor/fund+AC0-details/fund+AC0-historicalnavs/franklin+AC0-india+AC0-ultra+AC0-short+AC0-bond+AC0-fund+AC0-12119,,,,,,
BD HSBC MF,https://www.hsbc.co.in/investments/products/mutual+AC0-funds/,,,,,,
BD ICICI Merchant,https://www.icicibank.com/Personal+AC0-Banking/cards/debit+AC0-card/debit+AC0-cards/merchant+AC0-services.page,,,,,,
BD IDBIFDLI,https://www.bb.org.bd/aboutus/regulationguideline/beftn+AF8-operatingrules.pdf,,,,,,
BD IDBIMFB MF,http://www.vanguardaml.com/product/mutual+AC0-fund,,,,,,
BD IGL,https://www.iglonline.net/english/Default.aspx?option+AD0-tender+ACY-type+AD0-ALTND+ACY-id+AD0-0+ACY-mnuid+AD0-180+ACY-prvtyp+AD0-site,,,,,,
BD India Infoline M,https://www.indiainfoline.com/,,,,,,
BD IndusindBankLoan,https://www.indusind.com/business/special+AC0-services/business+AC0-loans/business+AC0-loans.html,,,,,,
BD Innovage Fintech,https://www.5nance.com/home/about+AC0-us,,,,,,
BD Integrated Secur,http://www.issslbd.com/,,,,,,
BD InvescoMF,https://www.fundsindia.com/a/invesco+AC0-mutual+AC0-funds,,,,,,
BD KARVYSTBRL,,,,,,,
BD KOTAK MF,https://assetmanagement.kotak.com/,,,,,,
BD Kotak MF OTM,https://assetmanagement.kotak.com/,,,,,,
BD LIC Mutual Fund,https://www.licmf.com/,,,,,,
BD LNT MF,http://www.ltfs.com/companies/lnt+AC0-investment+AC0-management/lnt+AC0-mutual+AC0-fund.html,,,,,,
BD MF Utilities,https://www.mfuindia.com/,,,,,,
BD MF Utilities Lump,https://www.mfuindia.com/,,,,,,
BD MFA Wealth Soluti,https://www.myfinad.com/about+AC0-us.php,,,,,,
BD MIRAE Mutual Fun,https://www.miraeassetmf.co.in/,,,,,,
BD MOSL,https://www.motilaloswal.com/downloads.aspx,,,,,,
BD Motilal MF,https://www.motilaloswalmf.com/,,,,,,
BD Mywish,http://www.glamorousbd.com/wishlist.php,,,,,,
BD NACH PaySense,https://www.gopaysense.com/contact+AC0-us/,,,,,,
BD NSE NMF ACH,https://www.nsenmf.com/,,,,,,
BD PayTM Money,https://www.quora.com/Can+AC0-I+AC0-use+AC0-Paytm+AC0-from+AC0-Bangladesh,,,,,,
BD PaytmMoney,https://m.economictimes.com/small+AC0-biz/startups/newsbuzz/paytm+AC0-money+AC0-app+AC0-for+AC0-mutual+AC0-funds+AC0-heres+AC0-everything+AC0-you+AC0-need+AC0-to+AC0-know/videoshow/65690552.cms,,,,,,
BD PPFAS MF,https://amc.ppfas.com/,,,,,,
BD PRAM MF SIP,http://www.dhflpramericamf.com/,,,,,,
BD Principa MF,https://www.principalindia.com/,,,,,,
BD QUANTUM MF,https://www.quantumamc.com/,,,,,,
BD Ratnakar Bank Ltd,https://en.wikipedia.org/wiki/RBL+AF8-Bank,,,,,,
BD SAVE BRB,https://www.savethechildren.in/about+AC0-us/contact+AC0-us,,,,,,
BD SBI Life,https://mypolicy.sbilife.co.in/E+AC0-Statement/PremiumCertificate.aspx,,,,,,
BD SBI Mutual Fund,https://www.sbimf.com/en+AC0-us,,,,,,
BD SBICCMB PYMT,,,,,,,
BD SQRRL FINTECH,https://angel.co/company/sqrrl+AC0-fintech,,,,,,
BD Sundaram MF,https://www.sundarammutual.com/,,,,,,
BD TATA AIA Life Ins,http://tataaia.com/,,,,,,
BD TATA MF,http://www.tatamutualfund.com/,,,,,,
BD TPDDL,http://www.tatapower+AC0-ddl.com/showcontent.aspx?this+AD0-140+ACY-id+AD0-162,,,,,,
BD UTIMF SMS,https://www.utimf.com/servicerequest/sms+AC0-service,,,,,,
BD Valuefy,https://www.valuefy.com/,,,,,,
BD VastuHFC EMI,http://www.emi.ebl+AC0-bd.com/,,,,,,
BD WATERAID,https://www.wateraid.org/bd/,,,,,,
BDACH CHSBCOBCLICB,https://www.facebook.com/beachclub974/,,,,,,
BDACH IDEA,https://www.craftionary.net/summer+AC0-beach+AC0-activities+AC0-fun/,,,,,,
BDACH ILFSB,https://www.consumercomplaints.in/united+AC0-bank+AC0-of+AC0-india+AC0-ubi+AC0-amount+AC0-debited+AC0-unknowingly+AC0-c1593155,,,,,,
BDACH ORIXINDB,https://www.scribd.com/document/375445055/4991XXXXXXXXX816013+AC0-12+AC0-2017,,,,,,
BDACH SBIELRCTVM,https://ifsc.bankifsccode.com/SBIN0000941,,,,,,
BDACH STARUD,https://www.pinterest.com/pin/480337116489333313/,,,,,,
BDACTIONAID,https://www.facebook.com/1675054822612173/posts/action+AC0-aid+AC0-bangladesh+AC0AJQ-E0+ACU-A6+ACU-8F+ACU-E0+ACU-A6+ACU-B0+AC0AJQ-E0+ACU-A6+ACU-A8+ACU-E0+ACU-A6+ACU-BF+ACU-E0+ACU-A6+ACU-AE+ACU-E0+ACU-A7+ACU-8D+ACU-E0+ACU-A6+ACU-A8+ACU-E0+ACU-A6+ACU-B2+ACU-E0+ACU-A6+ACU-BF+ACU-E0+ACU-A6+ACU-96+ACU-E0+ACU-A6+ACU-BF+ACU-E0+ACU-A6+ACU-A4+AC0AJQ-E0+ACU-A6+ACU-B6+ACU-E0+ACU-A7+ACU-82+ACU-E0+ACU-A6+ACU-A8+ACU-E0+ACU-A7+ACU-8D+ACU-E0+ACU-A6+ACU-AF+AC0AJQ-E0+ACU-A6+ACU-AA+ACU-E0+ACU-A6+ACU-A6+ACU-E0+ACU-A6+ACU-B8+ACU-E0+ACU-A6+ACU-AE+ACU-E0+ACU-A7+ACU-82+ACU-E0+ACU-A6+ACU-B9+AC0AJQ-E0+ACU-A7+ACU-A7+AC0-training+AC0-coordinator+ACU-E0+ACU-A7+ACU-A8+AC0-senior+AC0-/1676739115777077/,,,,,,
BDBankofIndia,https://sbibd.com/,,,,,,
BDBYJUS,http://gaydar+AC0-arcadia.com/carslist/plateseries/BD/BDBY/BDBYJ,,,,,,
BDDMINBFC,https://www.dmifinance.in/,,,,,,
BDEarlySalary Repymt,https://www.earlysalary.com/terms+AC0-conditions,,,,,,
Aegon Life ins,https://www.aegonlife.com/,,,,,,
AXAINS COLTD,https://axainsurancecompany.com/,,,,,,
AXIS MF,https://www.axismf.com/Online/Login,,,,,,
BHARATI AIRTEL,https://www.airtel.in/about+AC0-bharti/about+AC0-bharti+AC0-airtel,,,,,,
BillDesk VE,https://billdesk.com/,,,,,,
BIRLA SUN MF,https://mutualfund.adityabirlacapital.com/,,,,,,
BNP PARIBASM,https://www.mfuindia.com/,,,,,,
BOBCARD,,,,,,,
BSE Limited,https://www.bseindia.com/,,,,,,
BSES RAJDHAN,https://www.bsesdelhi.com/web/brpl/duplicate+AC0-bill+AC0-for+AC0-govt+AC0-consumer,,,,,,
BSES YAMUNA,https://www.bsesdelhi.com/web/bypl,,,,,,
Canara HSBCOBC,https://www.thehindubusinessline.com/money+AC0-and+AC0-banking/canara+AC0-hsbc+AC0-obc+AC0-life+AC0-aiming+AC0-to+AC0-make+AC0-it+AC0-to+AC0-top+AC0-five+AC0-league+AC0-chairman/article27141185.ece,,,,,,
CRY ECS PYMT,https://www.billdesk.com/faq+AF8-ecs.htm,,,,,,
DCB Limited,https://dcbltd.com/,,,,,,
DLF PRAM INS,https://www.amazon.in/b?ie+AD0-UTF8+ACY-node+AD0-6405324031,,,,,,
EECS FUL,https://www.financialexpress.com/industry/banking+AC0-finance/banks+AC0-switching+AC0-from+AC0-ecs+AC0-to+AC0-nach+AC0-here+AC0-is+AC0-what+AC0-you+AC0-need+AC0-to+AC0-know/300649/,,,,,,
ERATNAKA,,,,,,,
Edelweis INS,https://www.edelweissinsurance.com/,,,,,,
FRANKLINTEMP B,https://www.franklintempletonindia.com/investor/funds+AC0-and+AC0-solutions/latest+AC0-fund+AC0-navs+AC0-and+AC0-dividends,,,,,,
HDFC MF,https://www.hdfcfund.com/,,,,,,
HDFCBANK EMI,https://www.hdfcbank.com/personal/products/loans/easyemi,,,,,,
IDBI Federal,https://www.idbifederal.com/,,,,,,
IDEA PAYMENT,https://care.ideacellular.com/wps/portal/account/express+AC0-paybill,,,,,,
IL AND FS,https://www.ilfsindia.com/about+AC0-us/group+AC0-profile/,,,,,,
ILFS ISSL NP,https://www.ilfsdp.com/,,,,,,
IndiaFirstLi,,,,,,,
IndraPrastha,,,,,,,
INDUSIND BANK,https://www.indusind.com/offers+AC0-and+AC0-terms+AC0-and+AC0-conditions/services+AC0-tnc/nach.html,,,,,,
InvescoMF,https://www.academia.edu/38492290/Aug+AF8-2018+AF8ALQBf-Feb,,,,,,
IPRU MF,https://www.icicipruamc.com/,,,,,,
IPRUINSRB,https://www.financialexpress.com/industry/banking+AC0-finance/banks+AC0-switching+AC0-from+AC0-ecs+AC0-to+AC0-nach+AC0-here+AC0-is+AC0-what+AC0-you+AC0-need+AC0-to+AC0-know/300649/,,,,,,
JUSTDIALB,https://www.glassdoor.co.in/Interview/JustDial+AC0-TME+AC0-Interview+AC0-Questions+AC0-EI+AF8-IE379017.0,,,,,,
KOTAK MF,https://assetmanagement.kotak.com/distributor+AC0-homepage,,,,,,
LIC MF,https://www.licmf.com/,,,,,,
MIRAE PAYMNT,https://www.miraeassetmf.co.in/knowledge+AC0-academy/introduction+AC0-to+AC0-mutual+AC0-fund,,,,,,
MSEB,http://www.mercindia.org.in/2203043403+AF8-Order+AF8-Shri+AF8-N+AF8-N+AF8-Kale.htm,,,,,,
NDPL,http://ava.jpl.nasa.gov/defaults/aster+AF8-retrieve.php?filename+AD0-20160103151116+ACY-prefix+AD0-L1B,,,,,,
NDPLDL,https://dokumen.tips/documents/memoria+AC0-de+AC0-proyectos+AC0-de+AC0-innovacion+AC0-y+AC0-mejora+AC0-educativa+AC0-2014+AC0-2015.html,,,,,,
Orix,https://mutualfund.esselfinance.com/,,,,,,
Peerless MF,,,,,,,
PlanInt PYMT,,,,,,,
Pramerica MF,http://www.dhflpramericamf.com/,,,,,,
PRINCIPAL MF,https://www.principalindia.com/contact,,,,,,
Quantum MF,https://www.quantumamc.com/Factsheet.aspx?SchemeId+AD0-0+ACY-FactSheetType+AD0-1,,,,,,
RBL CC,https://www.rblbank.com/category/credit+AC0-cards,,,,,,
Reliance MF,https://www.reliancemutual.com/,,,,,,
Save Donatio,https://www.savethechildren.in/support+AC0-us/donate,,,,,,
SBICPSL PYMT,https://www.sbicard.com/en/disclaimer.page,,,,,,
SBIELRC TVM,,,,,,,
SBILIF,https://mypolicy.sbilife.co.in/,,,,,,
SBIMUTUAL FD,https://www.sbimf.com/en+AC0-us,,,,,,
SCBAMEX,,,,,,,
StarUnionDai,,,,,,,
SUNDARAM MF,https://www.sundarammutual.com/,,,,,,
TATAAIA LIFE,http://tataaia.com/,,,,,,
UTIMUTUAL FD,https://www.utimf.com/,,,,,,
BDECS+AF8-RELIGARE,https://www.invescomutualfund.com/literature+AC0-and+AC0-form?tab+AD0-Forms,,,,,,
BDECS+AF8-SCB+AF8-Barclays,https://www.cnbc.com/2018/05/23/barclays+AC0-is+AC0-reportedly+AC0-looking+AC0-at+AC0-a+AC0-potential+AC0-merger+AC0-with+AC0-standard+AC0-chartered.html,,,,,,
BDIPRU,https://www.paypalobjects.com/en+AF8-US/vhelp/paypalmanager+AF8-help/about+AF8-ach+AF8-payments.htm,,,,,,
BDJustDial,https://www.justdial.com/,,,,,,
BDPramerica,https://www.sebi.gov.in/filings/mutual+AC0-funds/feb+AC0-2018/dhfl+AC0-pramerica+AC0-fixed+AC0-duration+AC0-fund+AC0-series+AC0-au+AC0-to+AC0-bd+AF8-37844.html,,,,,,
BDRENTICKLE,https://www.rentickle.com/,,,,,,
BEE SECURE HOME FINA,https://www.incred.com/MITC.html,,,,,,
BESTCAPSERLTD,https://hatstore.co.in/,,,,,,
BHANIX FINANCE AND I,http://bhanixfinance.com/,,,,,,
BHARTIAIRTELLTD,https://www.airtel.in/about+AC0-bharti/about+AC0-bharti+AC0-airtel,,,,,,
BILL FOR,https://idioms.thefreedictionary.com/bill+for//Q-,,,,,,
BILL FOR ,https://idioms.thefreedictionary.com/bill+for//Q-,,,,,,
BIRLAMF CAMS,https://mutualfund.adityabirlacapital.com/location,,,,,,
BLUE JAY FINLEASE LI,https://www.zaubacorp.com/company/BLUE+AC0-JAY+AC0-FINLEASE+AC0-LIMITED/U65910DL1996PLC083130,,,,,,
BLUE JAY FINLEASE LT,https://www.zaubacorp.com/company/BLUE+AC0-JAY+AC0-FINLEASE+AC0-LIMITED/U65910DL1996PLC083130,,,,,,
BLUEJAY FINLEASE LIM,https://www.zaubacorp.com/company/BLUE+AC0-JAY+AC0-FINLEASE+AC0-LIMITED/U65910DL1996PLC083130,,,,,,
BNPPARIPASMUTUALFUND,https://www.bnpparibasmf.in/,,,,,,
BRITANNNIAINDUSTRIES,http://britannia.co.in/,,,,,,
BSNL CAL TELEPHONES,https://www.calcuttatelephones.com/,,,,,,
BSNLCHANDIGARH,http://www.punjab.bsnl.co.in/,,,,,,
BSNLCTD,https://www.calcuttatelephones.com/,,,,,,
BUSINESSBANKOPS,https://seekingalpha.com/news/2634995+AC0-fifth+AC0-third+AC0-names+AC0-senior+AC0-comerica+AC0-exec+AC0-its+AC0-next+AC0-coo,,,,,,
BUSSANAUTOFININDPLD,https://www.thebalance.com/what+AC0-does+AC0-ach+AC0-stand+AC0-for+AC0-315226,,,,,,
BWSSB,https://www.bwssb.gov.in/,,,,,,
CAMDEN TECHNOLOGIES,https://zestmoney.in/contact/,,,,,,
CANFINHOMESLTD,https://www.canfinhomes.com/,,,,,,
CAPFLOAT FINANCIAL S,https://www.capitalfloat.com/company,,,,,,
CAPITAL FIRST LTD,https://www.capitalfirst.com/,,,,,,
CAPITALTRADELINKSLIM,https://capitaltrade.in/,,,,,,
CAPITALTRUSTLTD,http://www.capitaltrustltd.com/,,,,,,
CAREER AASHA,https://asha+AC0-india.org/get+AC0-involved/job+AC0-opportunities/,,,,,,
CARS SERVICES PRIV,https://www.cars24.com/contact/,,,,,,
CBIMHAEMPLOYEECOOPTH,,,,,,,
CCPC NEW DELHI,http://nearmyhome.in/Banner/34495/state+AC0-bank+AC0-of+AC0-india+AC0-ccpc+AC0-cts+AC0-new+AC0-delhi,,,,,,
CCPC NEW DELHI EMI,http://www.banksandatm.com/sbi+AC0-bank+AC0-ccpc+AC0-cts+AC0-new+AC0-delhi+AC0-delhi/,,,,,,
CENT BANK HOME FINAN,https://www.cbhfl.com/,,,,,,
CENTRAL BANK OF INDI,https://www.centralbankofindia.co.in/,,,,,,
CGCL,http://www.moneycontrol.com/stocks/cptmarket/compsearchnew.php?search+AF8-str+AD0-INE180C01026,,,,,,
CGHFL,https://caprihomeloans.com/,,,,,,
CHOLAMANDALAM INVEST,http://www.cholamandalam.com/,,,,,,
Cholamandalaminvestm,http://www.cholamandalam.com/,,,,,,
CITI LOAN PMT ,https://www.billdesk.com/pgidsk/pgijsp/citicardemi/citiemi+AF8-detail.jsp,,,,,,
CITIBANK CREDITCARDS,https://www.online.citibank.co.in/credit+AC0-card/credit+AC0-card.htm,,,,,,
CLEARINGDEPARTMENTKC,http://www.tkpl.in/customs+AC0-clearance/,,,,,,
CLGDEPT,http://dce.rajasthan.gov.in/,,,,,,
CLIX FINANCE INDIA U,https://www.clix.capital/clix+AC0-finance/,,,,,,
CLIXCAPITALSERVICESP,https://www.clix.capital/,,,,,,
CLIXCAPITALSERVPVTLT,https://www.clix.capital/,,,,,,
CLIXHOUSINGFINANCEPV,https://www.clix.capital/clix+AC0-housing/,,,,,,
CNHINDUSTRIALCAPITAL,https://www.cnhindustrialcapital.com/,,,,,,
CNRB ,https://www.canarabank.in/,,,,,,
CONCERN INDIA FOUNDA,https://www.concernindiafoundation.org/,,,,,,
CORPORATIONBANKHORLD,http://joinindianarmy.nic.in/writereaddata/Portal/RallyResult/OpTransactionHistory11+AC0-03+AC0-2016.pdf,,,,,,
CREDILAFINANCIALSERV,http://www.hdfccredila.com/contact+AC0-us/contact+AC0-us.html,,,,,,
CREDITSUDHAARFINANCE,https://www.creditsudhaarfinance.com/,,,,,,
CREFINSERPLTD,https://www.quora.com/What+AC0-are+AC0-NACH+AC0-DR+AC0-Verf+AC0-charges+AC0-in+AC0-banks,,,,,,
CRYOVIVA BIOTECH PVT,https://cryoviva.in/about+AC0-us/,,,,,,
CSLFINANCELIMITED,http://www.cslfinance.in/,,,,,,
CSLFINANCELTDDELHI,http://www.cslfinance.in/,,,,,,
CTBMWFINLE,http://bmwfans.info/,,,,,,
CTBMWFINLT,https://www.randywisechevy.com/VehicleSearchResults?search+AD0-used+ACY-make+AD0-BMW,,,,,,
CTCFILGCGL,https://hindi.news18.com/news/career/ssc+AC0-cgl+AC0-2017+AC0-exam+AC0-result+AC0-to+AC0-be+AC0-declared+AC0-soon+AC0-supreme+AC0-court+AC0-directs+AC0-commission+AC0-to+AC0-declare+AC0-ssc+AC0-2017+AC0-results+AC0-1973821.html,,,,,,
CTCHOLASEE,http://people.hsc.edu/faculty+AC0-staff/edevlin/edsweb01/respiration.htm,,,,,,
CTCITICORE,http://citicore.com/,,,,,,
CTCITILOAE,https://www.ctc+AC0-tiles.co.uk/,,,,,,
CTCITILOAN,https://www.online.citibank.co.in/products+AC0-services/loans/ready+AC0-cash+AC0-personal+AC0-loan.htm,,,,,,
CTCORDLHDF,https://www.thebalance.com/what+AC0-does+AC0-ach+AC0-stand+AC0-for+AC0-315226,,,,,,
CTDAIMLFIE,,,,,,,
CTDAIMLFIN,http://www.uimn.org/employers/wages+AC0-taxes/reports+AC0-payments/ach+AC0-debit.jsp,,,,,,
CTEDELHOUE,,,,,,,
CTEDELHOUS,https://www.edelweisshousingfin.com/,,,,,,
CTFORDRETA,https://www.fsstech.com/nach,,,,,,
CTGCGLOANE,https://allslide.net/optransactionhistory06+AC0-07+AC0-2017,,,,,,
CTGCGLOANS,https://www.scribd.com/document/354132484/OpTransactionHistory06+AC0-07+AC0-2017,,,,,,
CTHDFCSLIF,https://cp.hdfclife.com/CPWeb/login.aspx?GP+AF8-F+AD0-GP+AF8-Login,,,,,,
CTHEROCORP,https://www.herofincorp.com/,,,,,,
CTHEROFINC,https://www.quora.com/What+AC0-are+AC0-NACH+AC0-DR+AC0-Verf+AC0-charges+AC0-in+AC0-banks,,,,,,
CTJOHNDEER,https://www.facebook.com/CTIJohnDeere/,,,,,,
CTRELIANEE,,,,,,,
CTSHRIRAMH,http://www.shriramcapital.com/,,,,,,
CTTATAAIAL,http://tataaia.com/pdf/customer+AC0-service/NACH+ACU-20form.pdf,,,,,,
CTVMFINANC,https://www.ctvnews.ca/business,,,,,,
CTVMFINANE,https://www.investopedia.com/terms/a/ach.asp,,,,,,
DAV Pitampura,http://www.dldavpp.com/,,,,,,
DAV Vikaspuri,http://vvdav.org/,,,,,,
DAVNURSERYSCHOOL,http://davnurseryschool.org/,,,,,,
DCBBANKLTCRAD,https://www.dcbbank.com/cms/showpage/page/dcb+AC0-payless+AC0-card,,,,,,
DeLageLandenFinancia,https://twitter.com/delagelandenfin,,,,,,
DELHI FIN CORPN,http://delhi.gov.in/wps/wcm/connect/DoIT+AF8-DFC/dfc/home,,,,,,
DELHI GYMKHANA CLUB,https://delhigymkhana.org.in/,,,,,,
DELHICOOPOPHOFICORLD,,,,,,,
DELICIAFOODS,http://deliciafoods.net/,,,,,,
DEUTSCHE BANK,https://www.db.com/company/index.htm,,,,,,
DEWAN HOUSING FINANC,https://www.dhfl.com/,,,,,,
DHFLPramericaLifeIns,https://www.dhflpramerica.com/,,,,,,
DIRECTBANKINGDEPT,https://en.wikipedia.org/wiki/Direct+AF8-bank,,,,,,
DIVITAE TECHNOLOGY P,https://www.zaubacorp.com/company/DIVITAE+AC0-TECHNOLOGY+AC0-PRIVATE+AC0-LIMITED/U72300DL2014PTC274063,,,,,,
DL DAV MODEL SCHOOL,http://www.dldavpp.com/,,,,,,
DMI FINANCE PRIVATE,https://www.dmifinance.in/,,,,,,
DMIHousingFinancePvt,http://www.dmihousingfinance.in/,,,,,,
DOONHATCHERIESLTD,https://www.naukri.com/doon+AC0-hatcheries+AC0-ltd+AC0-recruiters,,,,,,
DREAM GIRL FOUNDATIO,https://dreamgirlfoundation.ngo/,,,,,,
DRIVEHIMALAYANTHDVLP,,,,,,,
DROOM TECHNOLOGY,https://droom.in/career,,,,,,
DSPBR CAMS,http://dspblackrock.com/about+AC0-us/contact+AC0-us/contact+AC0-us,,,,,,
DSSVAS,http://dssvas.org/,,,,,,
ECL FINANCE LTD,https://www.hdfcsec.com/ecl+AC0-finance+AC0-limited+AC0-ncd,,,,,,
EDELWEISS TOKIO LIFE,https://www.edelweisstokio.in/,,,,,,
EDELWEISSRETAILFINLT,https://www.edelweissretailfin.com/edelweiss.m.rf/AboutUs,,,,,,
EDUNETWORKPVTLTD,https://www.rentomojo.com/about/aboutus,,,,,,
ElectronicaFinanceLt,https://www.efl.co.in/,,,,,,
EMI Collection for D,https://www.nelito.com/lending+AC0-solutions/collections+AC0-recovery.html,,,,,,
EMI Collection for F,https://www.nelito.com/lending+AC0-solutions/collections+AC0-recovery.html,,,,,,
EMI Collection for J,https://www.nelito.com/lending+AC0-solutions/collections+AC0-recovery.html,,,,,,
EMI FOR ,https://www.paisabazaar.com/emi+AC0-calculator/,,,,,,
EMI OF H ,https://hpromise.hyundai.co.in/footer/emi+AC0-calculator,,,,,,
EMI OF M ,https://www.paisabazaar.com/emi+AC0-calculator/,,,,,,
EquitableRetailAdvan,,,,,,,
EQUITASFINANCEPVTLD,https://www.equitasbank.com/,,,,,,
EQUITASFINPLDRETAIL,https://www.equitasbank.com/,,,,,,
ESSEL FINANCE BUSINE,https://www.esselfinance.com/,,,,,,
ESSELFINANCEBUSINESS,https://www.esselfinance.com/,,,,,,
ESSKAYFINCORPLTD,http://www.skfin.in/index.php,,,,,,
ETYACOL TECHNOLOGIES,https://etyacol.com/,,,,,,
EZETAP MOBILE SOLUTI,https://www.ezetap.com/,,,,,,
federal bank ltd,https://www.federalbank.co.in/,,,,,,
Financia,https://www.financia.com.au/,,,,,,
FINO FINANCE,http://www.finofinance.in/,,,,,,
Fullerton India Cred,https://www.fullertonindia.com/,,,,,,
FULLERTONINDCREDITCL,https://www.fullertonindia.com/,,,,,,
FulllertonIndiaCredi,https://www.fullertonindia.com/,,,,,,
FUNNFOODPRIVATELTD,https://www.justdial.com/Delhi/Fun+AC0-Foods+AC0-Pvt+AC0-Ltd+AC0-Near+AC0-Apra+AC0-Auto+AC0-Pvt+AC0-Ltd+AC0-Okhla+AC0-Industrial+AC0-Area+AC0-Phase+AC0-1/011PK036385+AF8-BZDET,,,,,,
Future Generali Indi,https://general.futuregenerali.in/,,,,,,
FUTUREGEINLIFINSCOLD,https://www.consumercomplaints.in/hdfc+AC0-bank+AC0-sms+AC0-from+AC0-bank+AC0-regarding+AC0-mandated+AC0-to+AC0-future+AC0-generali+AC0-lifinscold+AC0-c1926286,,,,,,
FutureGeneraliIndiaL,https://general.futuregenerali.in/,,,,,,
FUTUREGENERALIINDLIF,https://life.futuregenerali.in/,,,,,,
FutureGeneralli,https://general.futuregenerali.in/,,,,,,
GANESHLEASFINPVTLTD,https://www.ganeshleasfin.com/,,,,,,
GARDEN HIGH SCHOOL,https://www.gardenhighschool.in/,,,,,,
GETCLARITY FINTECH S,https://www.zaubacorp.com/company/GETCLARITY+AC0-FINTECH+AC0-SERVICES+AC0-PRIVATE+AC0-LIMITED/U74120MH2015PTC269453,,,,,,
GIC HOUSING FINANCE,http://www.gichfindia.com/,,,,,,
GICHOUSINGFINLTD,https://in.linkedin.com/in/ullhas+AC0-naik+AC0-1761b964,,,,,,
GLOBECAPITALMARKETLI,https://www.globecapital.com/,,,,,,
GREENPEACE ENVIRONME,https://www.greenpeace.org/international/explore/,,,,,,
GREENPEACEENVIRONMEN,https://www.greenpeace.org/india/en/,,,,,,
GRUH Finance Ltd ,https://www.gruh.com/,,,,,,
HDBFINANCIALSERLTD,https://www.hdbfs.com/,,,,,,
HDBFinancialServices,https://www.hdbfs.com/,,,,,,
HDFC BANK LIMITED,https://www.hdfcbank.com/,,,,,,
HDFC consumer durabl,https://www.hdfcbank.com/personal/products/loans/easyemi/easy+AC0-emis+AC0-on+AC0-consumer+AC0-durables/loan+AC0-emi,,,,,,
HDFCBANKLIMITED,https://www.hdfcbank.com/,,,,,,
hdfclife,https://www.hdfclife.com/,,,,,,
HDFCLIMITED,https://www.hdfc.com/,,,,,,
HDFCLTD,https://www.hdfc.com/,,,,,,
HDFCMF,https://www.hdfcfund.com/,,,,,,
HDFCMF CAMS,https://mycams.camsonline.com/,,,,,,
HDFCMUTUALFUND,https://www.hdfcfund.com/,,,,,,
HDFCStandardLifeInsu,https://www.hdfclife.com/,,,,,,
HEALTH CARE FINANCE,http://nhsrcindia.org/healthcare+AC0-financing,,,,,,
HERO FINCORP,https://www.herofincorp.com/,,,,,,
HERO FINCORP LTD,https://www.herofincorp.com/,,,,,,
HERO HOUSING FINANCE,https://www.herohousingfinance.com/,,,,,,
HEROFC CAMS,https://www.camsonline.com/pdfdocuments/CAMS+AF8-COTM+AF8-application+AF8-form+AC0-individual.pdf,,,,,,
HEROFINCORPLIMITED,https://www.herofincorp.com/,,,,,,
HeroFincorpLimitedDe,https://www.herofincorp.com/,,,,,,
HeroFincorpLimitedRe,https://www.indeed.co.in/cmp/Hero+AC0-Fincorp/reviews,,,,,,
HeroFincorpLtd,https://www.herofincorp.com/,,,,,,
HINDUJAHOUSINGFINANC,http://hindujahousingfinance.com/,,,,,,
HINDUJALEYLANDFINANC,http://hindujaleylandfinance.com/,,,,,,
Hindustan Unilever L,https://en.wikipedia.org/wiki/Hindustan+AF8-Unilever,,,,,,
Home Credit,https://www.homecredit.co.in/,,,,,,
HOMECREDITINDIAFINAN,https://www.homecredit.co.in/,,,,,,
HOMECRINDFINPVTLTD,https://www.homecredit.co.in/,,,,,,
HOUSINGDVFINCLT,https://www.fsstech.com/nach,,,,,,
HSBCCARDSANDLOANSBUS,https://www.hsbc.co.in/help/faqs/personal+AC0-loans/,,,,,,
ICICI LIMITED,https://www.icicibank.com/,,,,,,
ICICI NACH DR ,https://www.icicibank.com/business+AC0-banking/cash+AC0-management+AC0-services/advanced+AC0-solutions.page,,,,,,
ICIPRU CAMS,https://www.icicipruamc.com/,,,,,,
IDBI Bank Ltd ,https://m.idbibank.com/,,,,,,
IDFCMF CAMS,https://www.idfcmf.com/,,,,,,
IFAST FINANCIAL INDI,https://www.ifastfinancial.co.in/ifast/home/clientLogin.tpl,,,,,,
IINACH SBI Loan EMI,https://www.sbi.co.in/portal/web/home/emi+AC0-calculator,,,,,,
IKTARA INFOMEDIA NET,https://www.infomedia.com.au/,,,,,,
INCRED FINANCIAL SER,https://www.incred.com/,,,,,,
INDBULLSHOUFINLTD,,,,,,,
INDIA BULLS HOUSING,https://www.indiabullshomeloans.com/,,,,,,
India Shelter Financ,https://www.indiashelter.in/,,,,,,
INDIABULLS COMMERCIA,http://www.indiabullscommercialcredit.com/,,,,,,
INDIABULLS HOUSING F,https://www.moneycontrol.com/india/stockpricequote/finance+AC0-housing/indiabullshousingfinance/IHF01,,,,,,
IndiaInfolineLimited,https://www.indiainfoline.com/,,,,,,
INDIAMART INTERMESH,https://careers.indiamart.com/,,,,,,
INDIAN BANK,https://www.indianbank.net.in/,,,,,,
Indian Overseas Bank,https://www.iob.in/,,,,,,
INDIANCLRCORPLTD,https://www.icclindia.com/,,,,,,
IndiaShelterFinance,https://www.indiashelter.in/,,,,,,
INDINFFINLTD,https://www.indiainfoline.com/contactus,,,,,,
INDINFHOUFINCOMLTD,https://www.thebalance.com/what+AC0-does+AC0-ach+AC0-stand+AC0-for+AC0-315226,,,,,,
INDUSEASYFUNDS,,,,,,,
INDUSIND BANK CFD,http://www.indusind.com/careers/consumer+AC0-finance+AC0-division.html,,,,,,
INDUSIND BANK LIMITE,https://www.indusind.com/,,,,,,
INVESCOMUTUALFUND,https://invest.invescomutualfund.com/,,,,,,
ISKCON,http://www.iskcon.org/,,,,,,
ISKCONGhaziabad,http://iskconghaziabad.com/,,,,,,
IVL FINANCE LIMITED,http://www.indiabullsventures.com/about+AC0-us/overview/,,,,,,
IVL Finance Ltd,http://www.indiabullsventures.com/about+AC0-us/overview/,,,,,,
JOHALINVESTMENTSLTD,https://www.justdial.com/Delhi/Johal+AC0-Investments+AC0-Ltd+AC0-Janakpuri+AC0-District+AC0-Centre/011PXX11+AC0-XX11+AC0-131107172753+AC0-V1D3+AF8-BZDET,,,,,,
JPMMF CAMS,https://www.newspapers.com/newspage/79213076/,,,,,,
JUMBOFINVESTINDIALIM,https://jumbofin.com/,,,,,,
KANGRA CO OP BANK,https://www.kangrabank.com/,,,,,,
KARNATAKA BANK LTD,https://karnatakabank.com/,,,,,,
KARRM BRAHMAAND,https://www.proptiger.com/mumbai/palghar/karrm+AC0-infrastructure+AC0-brahmaand+AC0-1582388,,,,,,
KARVY COMPUTERSHARE,https://www.karvyfintech.com/,,,,,,
KARVY STOCK BROKING,https://www.karvy.com/online+AC0-trading/,,,,,,
KERALA GRAMIN BANK,https://www.keralagbank.com/,,,,,,
KIFSHOUSINGFINANCEPV,https://www.kifshousing.com/,,,,,,
KJSB,http://www.kalyanjanata.in/tc.php?i+AD0-r,,,,,,
KKBK ,https://www.kotak.com/en.html,,,,,,
KMBLDRAOPERATIONS,https://www.kotak.com/en/personal+AC0-banking/payments/loan.html,,,,,,
KMGLOBALCREDITPVTLTD,https://www.zaubacorp.com/company/K+AC0-M+AC0-GLOBAL+AC0-CREDIT+AC0-PRIVATE+AC0-LIMITED/U65999MH2018PTC308921,,,,,,
KOGTAFINANCIALINDIA,https://www.kogta.in/,,,,,,
KOGTAFINANCIALINDIAL,https://www.kogta.in/,,,,,,
KOTAK LIFE INSURANCE,https://insurance.kotak.com/,,,,,,
KOTAKMAHPRIMELTKKBK,https://www.fsstech.com/nach,,,,,,
KOTAKMF CAMS,https://assetmanagement.kotak.com/cams+AC0-transaction+AC0-points,,,,,,
L T CAMS,http://www.cammotion.com/,,,,,,
L TFINANCELIMITED,https://www.ltfs.com/,,,,,,
L THOUSINGFINANCELTD,https://www.justdial.com/Lucknow/L+AC0-T+AC0-Housing+AC0-Finance+AC0-Ltd+AC0-Near+AC0-Boothnath+AC0-Indira+AC0-Nagar/0522PX522+AC0-X522+AC0-160402140043+AC0-T9Y3+AF8-BZDET,,,,,,
LAXINDFINLEASECAP,http://www.lifc.co.in/,,,,,,
LBPUBDISPVLTD,https://in.linkedin.com/company/lbp+AC0-uk+AC0-ltd,,,,,,
LENDINGKART FINANCE,https://www.lendingkart.com/,,,,,,
LIC ,https://www.licindia.in/,,,,,,
LIC HOUSING FINANCE,https://customer.lichousing.com/,,,,,,
LIC OF INDIA,https://www.licindia.in/,,,,,,
LICHFC ,https://customer.lichousing.com/,,,,,,
LICHOUSINGFINLTD,https://www.lichousing.com/home+AF8-loan.php,,,,,,
LICNOMURA,https://www.licmf.com/,,,,,,
LITTLEANGESLSMONTSCH,https://www.firstcry.com/little+AC0-angels/little+AC0-angels+AC0-sleeveless+AC0-reversible+AC0-front+AC0-open+AC0-sweater+AC0-cream/2205057/product+AC0-detail,,,,,,
LITTLEANGSRSECONDSCH,http://afine+AC0-toothcomb.blogspot.com/2017/09/workwear+AC0-101+AC0-first+AC0-impressions+AC0-red+AC0-wing.html,,,,,,
LOANDEPARTMENT,https://www.indeed.co.in/Loan+AC0-Department+AC0-jobs,,,,,,
LOANDEPTCENPAHUUTBI,,,,,,,
LOHIA SERVICES,https://www.justdial.com/Delhi/Lohia+AC0-Services+AC0-Near+AC0-Corporation+AC0-Bank+AC0-Ghitorni/011PXX11+AC0-XX11+AC0-150121161525+AC0-I1E5+AF8-BZDET,,,,,,
LORDFINCAPLTD,https://www.justdial.com/Delhi/Lord+AC0-Fincap+AC0-Ltd+AC0-Near+AC0-Radha+AC0-Kishan+AC0-Mandir+AC0-Kailash+AC0-Colony/011PXX11+AC0-XX11+AC0-120627190205+AC0-J8H2+AF8-BZDET,,,,,,
LORDKRISHNAFINANCIAL,https://prestloans.com/Contact,,,,,,
LOTNO ,https://www.youtube.com/watch?v+AD0-61Q6sqo33XM,,,,,,
LOTUS SREE FILCO PRI,https://economictimes.indiatimes.com/company/lotus+AC0-sree+AC0-filco+AC0-private+AC0-limited+AC0-/U65910PN1996PTC101188,,,,,,
MAGMAFINCORPLIMITED,https://magma.co.in/,,,,,,
MAGNETO HOME PRIVATE,https://www.bloomberg.com/research/stocks/private/snapshot.asp?privcapid+AD0-320287673,,,,,,
MAHIHOLRESINDLTD,https://www.consumercomplaints.in/club+AC0-mahindra+AC0-holidays+AC0-cancellation+AC0-of+AC0-club+AC0-mahindra+AC0-membership+AC0-and+AC0-refund+AC0-of+AC0-amount+AC0-c1922185,,,,,,
MAHINAMAHINFINSERLD,,,,,,,
MAHINDRA HOLIDAYS AN,http://www.clubmahindra.com/,,,,,,
MahindraandMahindraF,https://www.mahindrafinance.com/,,,,,,
MAHINDRAFINANCE,https://www.mahindrafinance.com/,,,,,,
MAHINDRAFINSERVLTD,https://www.mahindrafinance.com/,,,,,,
MahindraMF ,https://www.mahindramutualfund.com/,,,,,,
MahindraRuralHousing,https://www.mahindrahomefinance.com/,,,,,,
MAHNIMAHINFINSERLD,,,,,,,
MANIBHAVNAMHOMEFINAN,https://www.manibhavnam.com/,,,,,,
MANPFINLTD,https://www.quora.com/What+AC0-is+AC0-the+AC0-meaning+AC0-of+AC0-this+AC0-sentence+AC0-Mandate+AC0-Registration+AC0-UMRN+AC0-SBIN0000000020588800+AC0-for+AC0-Rs+AC0-43+AC0-000+AC0-00+AC0-issued+AC0-to+AC0-HDFC+AC0-BANK+AC0-LIMITED+AC0-received+AC0-today+AC0-In+AC0-case+AC0-of+AC0-any+AC0-issues+AC0-pls+AC0-contact+AC0-branch,,,,,,
MaxBupaHealthInsuran,https://www.maxbupa.com/,,,,,,
MaxLife,https://www.maxlifeinsurance.com/,,,,,,
METROCITYFINANCE,https://www.zaubacorp.com/company/METROCITY+AC0-FINANCE+AC0-PRIVATE+AC0-LIMITED/U65993RJ2015PTC047376,,,,,,
MIRAEMF,https://www.miraeassetmf.co.in/,,,,,,
MONEXO FINTECH PRIVA,https://www.monexo.co/in/,,,,,,
MONEYPLUSFINANCIALSE,https://moneyplusfin.com/,,,,,,
MONEYWISEFINANCIALSE,https://www.smcfinance.com/,,,,,,
MotilalOswalSecuriti,https://www.motilaloswal.com/,,,,,,
MSF INDIA,https://www.msfindia.in/,,,,,,
MSSINGHFINLEASEPVTLT,https://www.zaubacorp.com/company/SINGH+AC0-FINLEASE+AC0-PRIVATE+AC0-LIMITED/U74899DL1993PTC056542,,,,,,
MSSUPREMEHOUSINGFINA,https://economictimes.indiatimes.com/sahara+AC0-housingfina+AC0-corporation+AC0-ltd/stocks/companyid+AC0-9087.cms,,,,,,
MTNL Delhi,http://mtnldelhi.in/,,,,,,
MUTHFIN CAMS,https://www.muthootfincorp.com/product+AC0-services/emi+AC0-gold+AC0-loan,,,,,,
MUTHOOT CAMS,https://muthoot.com/,,,,,,
MUTHOOT CAPITAL SERV,https://muthootcap.com/,,,,,,
MUTHOOT HOMEFIN INDI,https://www.muthoothomefin.com/,,,,,,
MUTHOOT HOUSING FINA,https://www.muthoothousing.com/,,,,,,
MUTHOOTFINCORPLTD,https://www.muthootfincorp.com/,,,,,,
NATIONALORGANISATION,https://www.nationalngo.org/,,,,,,
NATIONALSECURITIESCL,https://www.nscclindia.com/,,,,,,
Navarathna Financial,http://www.navarathnafinance.com/,,,,,,
NDX P P PRIVATE LIMI,http://my.monsterindia.com/comp+AC0-340307+AC0-ndx+AC0-p2p+AC0-private+AC0-limited+AC0-recruiters.html,,,,,,
NEEV CREDIT PVT LTD,https://www.neevfinance.com/about+AC0-us/,,,,,,
NEOGROWTH CREDIT PVT,https://www.neogrowth.in/,,,,,,
NESTAWAY TECHNOLOGIE,https://www.nestaway.com/,,,,,,
NEWHABITATHOUSINGFIN,http://newhabitat.in/nhhfdl/,,,,,,
NIKONFINLEASEPVTLTD,https://www.justdial.com/Delhi/Nikon+AC0-Finlease+AC0-Pvt+AC0-Ltd+AC0-Near+AC0-Delite+AC0-Cinema+AC0-Asaf+AC0-Ali+AC0-Road/011PXX11+AC0-XX11+AC0-170103112016+AC0-C8J8+AF8-BZDET,,,,,,
NISSANRENLTFSINPLD,https://www.bemoneyaware.com/blog/nach+AC0-what+AC0-is+AC0-nach+AC0-nach+AC0-otm+AC0-how+AC0-nach+AC0-will+AC0-replace+AC0-ecs/,,,,,,
NJINDIAINVESTPVT,http://www.njgroup.in/,,,,,,
NJINDIAINVESTPVTLTD,http://www.njgroup.in/,,,,,,
NSBI CCPC,https://banksifsccode.com/state+AC0-bank+AC0-of+AC0-india+AC0-ifsc+AC0-code/karnataka/dakshina+AC0-kannada/panambur+AC0-branch/,,,,,,
NSEMFS CAMS,https://www.nsenmf.com/,,,,,,
OFFICERS MESS FUND A,https://en.wikipedia.org/wiki/Mess,,,,,,
OHEALERHEALTHCARESER,,,,,,,
OMMBS,https://apobmms.cgg.gov.in/,,,,,,
ORIENTAL BANK OF COM,https://www.obconline.co.in/,,,,,,
OVINGTONFINANCE,https://www.ovingtonfinance.com/,,,,,,
OVINGTONFINANCEPVTLT,https://www.ovingtonfinance.com/,,,,,,
Oxfam India,https://www.oxfamindia.org/,,,,,,
PARIKA INVESTMENTS P,https://connect2india.com/PARIKA+AC0-INVESTMENTS+AC0-PRIVATE+AC0-LIMITED/1996965,,,,,,
PayU Payments Privat,https://www.payubiz.in/contact,,,,,,
PERFECT CAPITAL SERV,https://www.indiamart.com/perfect+AC0-capital+AC0-service/,,,,,,
PERFECT FINSEC PVT L,https://connect2india.com/PERFECT+AC0-FINSEC+AC0-PRIVATE+AC0-LIMITED/2011292,,,,,,
PFRDA CAMS,http://www.npstrust.org.in/,,,,,,
PHOENIX ENTERPRISES,https://www.phoenixenterprises.biz/,,,,,,
PINELABSPRIVATELTD,https://www.pinelabs.com/,,,,,,
PIRAMAL HSG FIN L,http://www.piramal.com/business/enterprises/financial+AC0-services/piramal+AC0-capital+AC0-housing+AC0-finance+AC0-limited,,,,,,
PLAN INTERNATIONAL ,https://plan+AC0-international.org/,,,,,,
PMINTERNATIONALINDIA,https://www.pm+AC0-international.com/in/,,,,,,
PNBHousingFinanceLtd,https://www.pnbhousing.com/,,,,,,
PNBMETLIFEINDINSCO,https://www.pnbmetlife.com/other+AC0-disclosure/public+AC0-notice.html,,,,,,
POOJA FINELEASE LTD ,https://www.zaubacorp.com/company/POOJA+AC0-FINELEASE+AC0-LIMITED/U74899DL1995PLC064213,,,,,,
PPFAS CAMS,https://amc.ppfas.com/investor+AC0-desk/pick+AC0-up+AC0-services/index.php,,,,,,
PRERANA CO OP BANK,http://preranabank.com/,,,,,,
PROSPER HOUSING FINA,http://www.prosperhousingfinance.com/,,,,,,
PunjabKashmirFinance,http://pkffinance.com/,,,,,,
Q FACTOR FINANCE AND,https://www.zaubacorp.com/company/Q+AC0-FACTOR+AC0-FINANCE+AC0-AND+AC0-INVESTMENTS+AC0-PRIVATE+AC0-LIMITED+AC0-/U74899DL1990PTC039476,,,,,,
RAASAFFORDBLHOUSING,http://rahfil.careersitemanager.com/,,,,,,
RACPC KOL SBI,http://bankcontact.in/sbi/4490.html,,,,,,
RACPC VADODARA,https://bankifsccode.com/STATE+AF8-BANK+AF8-OF+AF8-INDIA/GUJARAT/VADODARA+AF8-/RACPC+AF8-BARODA,,,,,,
RADHASILKEMPORIUM,https://www.rasisilks.com/,,,,,,
Railway India Childr,https://www.railwaychildren.org.uk/what+AC0-we+AC0-do/our+AC0-work+AC0-in+AC0-india/,,,,,,
RAINBOW DIGITAL SERV,https://www.zaubacorp.com/company/RAINBOW+AC0-DIGITAL+AC0-SERVICES+AC0-PVT+AC0-LTD/U74140WB1991PTC052333,,,,,,
RamtirthLeasingandFi,https://arogyafinance.com/,,,,,,
RASMECC TIUPATI,https://www.ifscswiftcodes.com/State+AC0-Bank+AC0-of+AC0-India+AC0-(SBI)+AC0-IFSC+AC0-Code/Andhra+AC0-Pradesh/Chittoor/Rasecc+AC0-Tirupati.htm,,,,,,
RAZORPAY,https://razorpay.com/,,,,,,
RBMONEYFINANCIALSERV,http://rbmoney.in/,,,,,,
Realigarehousingdevl,,,,,,,
REELABSPRIVATELIMITE,https://www.reelabs.com/,,,,,,
RELIANCE GENERAL INS,https://www.reliancegeneral.co.in/Insurance/Home.aspx,,,,,,
RELIANCE HOME FINANC,https://www.reliancehomefinance.com/,,,,,,
RelianceCapitalLtd,http://www.reliancecapital.co.in/,,,,,,
RELIANCECAPLTDCFDIV,http://www.reliancecapital.co.in/,,,,,,
RelianceCommercialFi,https://www.reliancemoney.co.in/,,,,,,
RELIANCEJIOINFOCOMML,https://twitter.com/hashtag/reliancejioinfocom?src+AD0-hash,,,,,,
RELIANCELIFEINSCOM,https://www.reliancenipponlife.com/,,,,,,
RelianceRetailLimite,https://relianceretail.com/,,,,,,
RELIANCERETAILLTD,https://relianceretail.com/,,,,,,
RELIGARE HEALTH INSU,https://www.religarehealthinsurance.com/,,,,,,
Religare Securities,http://www.religareonline.com/,,,,,,
RELIGAREHOUSINGDEVEL,https://www.religarehomeloans.com/,,,,,,
RELIGAREHOUSINGDEVFI,https://www.religarehomeloans.com/,,,,,,
REPCO HOME FINANCE L,http://www.repcohome.com/,,,,,,
RETAILASSETDEPTOFRBL,https://www.rblbank.com/api/v1/doc/document/footer+AC0-retail+AC0-asset/terms+AC0-retail+AC0-assets.pdf,,,,,,
RETAILASSTOPSIDFB,,,,,,,
RETASSTOPIDFB,https://www.justdial.com/Kanpur/RH+AC0-Enterprises+AC0-Bara+AC0-Devi/0512PX512+AC0-X512+AC0-170603150429+AC0-A8K7+AF8-BZDET,,,,,,
RH ENTERPRISES,https://www.justdial.com/Meerut/Rivaz+AC0-Finance+AC0-Limited+AC0-Begum+AC0-Bridge/9999PX121+AC0-X121+AC0-101022181432+AC0-A1J9DC+AF8-BZDET,,,,,,
RIVAZ FINANCE LIMITE,https://www.zaubacorp.com/company/RIVIERA+AC0-INVESTORS+AC0-PRIVATE+AC0-LIMITED/U65923HR1980PTC069400,,,,,,
RivieraInvestorsPLtd,https://www.tradeindia.com/fp873674/Gold+AC0-Chain.html,,,,,,
RMGOLD CAMS,https://www.i2ifunding.com/privacy+AC0-policy,,,,,,
RNVP TECHNOLOGY PVT,http://www.rohahousing.com/,,,,,,
RohaHousingFinancePr,https://aadharhousing.com/,,,,,,
AADHAR HOUSING FINAN ,https://aamaadmiparty.org/,,,,,,
AAMAADMIPARTY ,https://www.abhipra.com/,,,,,,
ABHIPRA CAPITAL LTD ,http://adarshcredit.in/,,,,,,
ADARSHCREDITCOOPLTD ,http://adarshcredit.in/whats+AC0-new/,,,,,,
ADARSHSAHIYOGCOOPTHR ,https://abfl.adityabirlacapital.com/Pages/Individual/About+AC0-Us/Company+AC0-Profile.aspx,,,,,,
ADITY BIRLA FINANCE ,https://homefinance.adityabirlacapital.com/,,,,,,
ADITYA BIRLA HOUSING ,,,,,,,
ADITYABIRLAHOSFINLTD ,,,,,,,
AEGOLIFINSCOMPLTD ,,,,,,,
AKAANKSHACREDITLEASE ,https://www.zaubacorp.com/company/AKANSHA+AC0-FINANCE+AC0-AND+AC0-LEASING+AC0-COMPANY+AC0-PRIVATE+AC0-LIMITED/U65910GJ1992PTC018391,,,,,,
AKARA CAPITAL ADVISO ,https://www.zaubacorp.com/company/AKARA+AC0-CAPITAL+AC0-ADVISORS+AC0-PRIVATE+AC0-LIMITED/U74110DL2016PTC290970,,,,,,
AkaraCapitalAdvisors ,https://www.zaubacorp.com/company/AKARA+AC0-CAPITAL+AC0-ADVISORS+AC0-PRIVATE+AC0-LIMITED/U74110DL2016PTC290970,,,,,,
ALLAHABAD BANK ,https://www.allahabadbank.in/,,,,,,
ALLAHABADBANKLNRP ,https://www.allahabadbank.in/,,,,,,
ALLAHABADBANKUTBP ,https://www.sulekha.com/itbp+AC0-exam+AC0-coaching/allahabad,,,,,,
American Express Ban ,https://www.americanexpress.com/in/,,,,,,
ANAND RATHI GLOBAL F ,https://www.rathi.com/,,,,,,
ANKUR TRADE LINKS PV ,https://www.justdial.com/Delhi/Ankur+AC0-Trade+AC0-Links+AC0-Pvt+AC0-Ltd+AC0-Mini+AC0-Market+AC0-Yusuf+AC0-Sarai+AC0-Green+AC0-Park/011PXX11+AC0-XX11+AC0-171221060535+AC0-J5N3+AF8-BZDET,,,,,,
ARTHOUSING ,https://www.arthfc.com/,,,,,,
Au Financiers I Ltd ,https://en.wikipedia.org/wiki/AU+AF8-Small+AF8-Finance+AF8-Bank,,,,,,
AU FINANCIERS INDIA ,https://www.aubank.in/,,,,,,
AU SMALL BANK ,https://www.aubank.in/,,,,,,
AU SMALL FINANCE BAN ,https://www.aubank.in/,,,,,,
AUFINANCIERS ,https://www.aubank.in/,,,,,,
AUHOUSINGFINANCELTD ,https://www.aavas.in/,,,,,,
AUSFB Consumer Durab ,https://www.aubank.in/legal/disclaimer,,,,,,
AVANSE FINANCIAL SER ,https://avanse.com/,,,,,,
AVIVA LIFE INSURANCE ,https://www.avivaindia.com/,,,,,,
AVIVALIFEINSURANCE ,https://www.avivaindia.com/,,,,,,
AXISMF ,https://www.axismf.com/,,,,,,
AYEFINANCEPVTLTD ,http://www.ayefin.com/,,,,,,
BAJAJ FINANCE LTD ,https://www.bajajfinserv.in/corporate+AC0-bajaj+AC0-finance,,,,,,
BAJAJCAPITALLTD ,https://www.bajajcapital.com/,,,,,,
BAJRANGINVPLTD ,https://www.youtube.com/watch?v+AD0-nqwPy2TgXp4,,,,,,
BARB ,https://dictionary.cambridge.org/dictionary/english/barb,,,,,,
BD BajajFinance ,https://www.bajajfinserv.in/emi+AC0-network+AC0-camera+AC0-on+AC0-emi,,,,,,
BD Banayan Tree ,http://bd.banyantree.com/,,,,,,
BD BNP PARIBAS MF ,https://www.bnpparibasmf.in/,,,,,,
BD BSE ,https://www.moneycontrol.com/india/stockpricequote/glass+AC0-glass+AC0-products/bdindustries/BDI01,,,,,,
BD BSE Limited ,https://www.moneycontrol.com/india/stockpricequote/miscellaneous/bselimited/B08,,,,,,
BD Camden ,https://zestmoney.in/contact/,,,,,,
BD CRYNACH ,https://www.bankdirect.com/pdf/bd+AF8-electronic+AF8-funds+AF8-transfer+AF8-05+AF8-06.pdf,,,,,,
BD DCB Bank ,https://www.dcbbank.com/,,,,,,
BD FranklinTempleton ,https://www.franklintempletonindia.com/investor/fund+AC0-details/fund+AC0-historicalnavs/franklin+AC0-india+AC0-ultra+AC0-short+AC0-bond+AC0-fund+AC0-12119,,,,,,
BD ICICI Merchant ,https://www.icicibank.com/Personal+AC0-Banking/cards/debit+AC0-card/debit+AC0-cards/merchant+AC0-services.page,,,,,,
BD IDBIFDLI ,https://www.bb.org.bd/aboutus/regulationguideline/beftn+AF8-operatingrules.pdf,,,,,,
BD IndusindBankLoan ,https://www.indusind.com/business/special+AC0-services/business+AC0-loans/business+AC0-loans.html,,,,,,
BD INTEGRATED SECUR ,http://www.issslbd.com/,,,,,,
BD InvescoMF ,https://www.fundsindia.com/a/invesco+AC0-mutual+AC0-funds,,,,,,
BD KOTAK MF ,https://assetmanagement.kotak.com/,,,,,,
BD Kotak MF OTM ,https://assetmanagement.kotak.com/,,,,,,
BD LNT MF ,http://www.ltfs.com/companies/lnt+AC0-investment+AC0-management/lnt+AC0-mutual+AC0-fund.html,,,,,,
BD MF Utilities ,https://www.mfuindia.com/,,,,,,
BD MF Utilities Lump ,https://www.mfuindia.com/,,,,,,
BD MFA Wealth Soluti ,https://www.myfinad.com/about+AC0-us.php,,,,,,
BD MIRAE Mutual Fun ,https://www.miraeassetmf.co.in/,,,,,,
BD NACH PaySense ,https://www.gopaysense.com/contact+AC0-us/,,,,,,
BD PayTM Money ,https://www.quora.com/Can+AC0-I+AC0-use+AC0-Paytm+AC0-from+AC0-Bangladesh,,,,,,
BD PaytmMoney ,https://m.economictimes.com/small+AC0-biz/startups/newsbuzz/paytm+AC0-money+AC0-app+AC0-for+AC0-mutual+AC0-funds+AC0-heres+AC0-everything+AC0-you+AC0-need+AC0-to+AC0-know/videoshow/65690552.cms,,,,,,
BD QUANTUM MF ,https://www.quantumamc.com/,,,,,,
BD SAVE BRB ,https://www.savethechildren.in/about+AC0-us/contact+AC0-us,,,,,,
BD SBI Life ,https://mypolicy.sbilife.co.in/E+AC0-Statement/PremiumCertificate.aspx,,,,,,
BD Sundaram MF ,https://www.sundarammutual.com/,,,,,,
BD TATA MF ,http://www.tatamutualfund.com/,,,,,,
BD WATERAID ,https://www.wateraid.org/bd/,,,,,,
BDACH CHSBCOBCLICB ,https://www.facebook.com/beachclub974/,,,,,,
BDACH ILFSB ,https://www.consumercomplaints.in/united+AC0-bank+AC0-of+AC0-india+AC0-ubi+AC0-amount+AC0-debited+AC0-unknowingly+AC0-c1593155,,,,,,
BDACH ORIXINDB ,https://www.scribd.com/document/375445055/4991XXXXXXXXX816013+AC0-12+AC0-2017,,,,,,
BDACH SBIELRCTVM ,https://ifsc.bankifsccode.com/SBIN0000941,,,,,,
BDACH STARUD ,https://www.pinterest.com/pin/480337116489333313/,,,,,,
BDACTIONAID ,https://www.facebook.com/1675054822612173/posts/action+AC0-aid+AC0-bangladesh+AC0AJQ-E0+ACU-A6+ACU-8F+ACU-E0+ACU-A6+ACU-B0+AC0AJQ-E0+ACU-A6+ACU-A8+ACU-E0+ACU-A6+ACU-BF+ACU-E0+ACU-A6+ACU-AE+ACU-E0+ACU-A7+ACU-8D+ACU-E0+ACU-A6+ACU-A8+ACU-E0+ACU-A6+ACU-B2+ACU-E0+ACU-A6+ACU-BF+ACU-E0+ACU-A6+ACU-96+ACU-E0+ACU-A6+ACU-BF+ACU-E0+ACU-A6+ACU-A4+AC0AJQ-E0+ACU-A6+ACU-B6+ACU-E0+ACU-A7+ACU-82+ACU-E0+ACU-A6+ACU-A8+ACU-E0+ACU-A7+ACU-8D+ACU-E0+ACU-A6+ACU-AF+AC0AJQ-E0+ACU-A6+ACU-AA+ACU-E0+ACU-A6+ACU-A6+ACU-E0+ACU-A6+ACU-B8+ACU-E0+ACU-A6+ACU-AE+ACU-E0+ACU-A7+ACU-82+ACU-E0+ACU-A6+ACU-B9+AC0AJQ-E0+ACU-A7+ACU-A7+AC0-training+AC0-coordinator+ACU-E0+ACU-A7+ACU-A8+AC0-senior+AC0-/1676739115777077/,,,,,,
BDBYJUS ,http://gaydar+AC0-arcadia.com/carslist/plateseries/BD/BDBY/BDBYJ,,,,,,
BDDMINBFC ,https://www.dmifinance.in/,,,,,,
BDEarlySalary Repymt ,https://www.earlysalary.com/terms+AC0-conditions,,,,,,
BDJustDial ,http://www.uimn.org/employers/wages+AC0-taxes/reports+AC0-payments/ach+AC0-debit.jsp,,,,,,
BDRENTICKLE ,https://www.rentickle.com/,,,,,,
BEE SECURE HOME FINA ,https://www.incred.com/MITC.html,,,,,,
BESTCAPSERLTD ,https://hatstore.co.in/,,,,,,
BHANIX FINANCE AND I ,http://bhanixfinance.com/,,,,,,
BIRLAMF CAMS ,https://mutualfund.adityabirlacapital.com/location,,,,,,
BLUE JAY FINLEASE LI ,https://www.zaubacorp.com/company/BLUE+AC0-JAY+AC0-FINLEASE+AC0-LIMITED/U65910DL1996PLC083130,,,,,,
BLUEJAY FINLEASE LIM ,https://www.zaubacorp.com/company/BLUE+AC0-JAY+AC0-FINLEASE+AC0-LIMITED/U65910DL1996PLC083130,,,,,,
BUSINESSBANKOPS ,https://seekingalpha.com/news/2634995+AC0-fifth+AC0-third+AC0-names+AC0-senior+AC0-comerica+AC0-exec+AC0-its+AC0-next+AC0-coo,,,,,,
BUSSANAUTOFININDPLD ,https://www.thebalance.com/what+AC0-does+AC0-ach+AC0-stand+AC0-for+AC0-315226,,,,,,
CAMDEN TECHNOLOGIES ,https://zestmoney.in/contact/,,,,,,
CANFINHOMESLTD ,https://www.canfinhomes.com/,,,,,,
CAPFLOAT FINANCIAL S ,https://www.capitalfloat.com/company,,,,,,
CCPC NEW DELHI EMI ,http://www.banksandatm.com/sbi+AC0-bank+AC0-ccpc+AC0-cts+AC0-new+AC0-delhi+AC0-delhi/,,,,,,
CENT BANK HOME FINAN ,https://www.cbhfl.com/,,,,,,
CGCL ,http://www.moneycontrol.com/stocks/cptmarket/compsearchnew.php?search+AF8-str+AD0-INE180C01026,,,,,,
CHOLAMANDALAM INVEST ,http://www.cholamandalam.com/,,,,,,
Cholamandalaminvestm ,http://www.cholamandalam.com/,,,,,,
CITIBANK CREDITCARDS ,https://www.online.citibank.co.in/credit+AC0-card/credit+AC0-card.htm,,,,,,
CLIXCAPITALSERVICESP ,https://www.clix.capital/,,,,,,
CLIXCAPITALSERVPVTLT ,https://www.clix.capital/,,,,,,
CLIXHOUSINGFINANCEPV ,https://www.clix.capital/clix+AC0-housing/,,,,,,
CNRB ,https://www.canarabank.in/,,,,,,
CORPORATIONBANKHORLD ,http://joinindianarmy.nic.in/writereaddata/Portal/RallyResult/OpTransactionHistory11+AC0-03+AC0-2016.pdf,,,,,,
CREFINSERPLTD ,https://www.quora.com/What+AC0-are+AC0-NACH+AC0-DR+AC0-Verf+AC0-charges+AC0-in+AC0-banks,,,,,,
CTBMWFINLT ,https://www.autotrader.com/cars+AC0-for+AC0-sale/New+Cars/BMW/Flint+M//0-48502,,,,,,
CTCITILOAN ,https://www.online.citibank.co.in/products+AC0-services/loans/ready+AC0-cash+AC0-personal+AC0-loan.htm,,,,,,
CTCORDLHDF ,https://www.thebalance.com/what+AC0-does+AC0-ach+AC0-stand+AC0-for+AC0-315226,,,,,,
CTDAIMLFIN ,http://www.uimn.org/employers/wages+AC0-taxes/reports+AC0-payments/ach+AC0-debit.jsp,,,,,,
CTEDELHOUS ,https://www.edelweisshousingfin.com/,,,,,,
CTFORDRETA ,https://www.fsstech.com/nach,,,,,,
CTGCGLOANS ,https://www.scribd.com/document/354132484/OpTransactionHistory06+AC0-07+AC0-2017,,,,,,
CTHEROCORP ,https://www.herofincorp.com/,,,,,,
CTHEROFINC ,https://www.quora.com/What+AC0-are+AC0-NACH+AC0-DR+AC0-Verf+AC0-charges+AC0-in+AC0-banks,,,,,,
CTJOHNDEER ,https://www.facebook.com/CTIJohnDeere/,,,,,,
CTTATAAIAL ,http://tataaia.com/pdf/customer+AC0-service/NACH+ACU-20form.pdf,,,,,,
CTVMFINANC ,https://www.ctvnews.ca/business,,,,,,
DAVNURSERYSCHOOL ,http://davnurseryschool.org/,,,,,,
DeLageLandenFinancia ,https://twitter.com/delagelandenfin,,,,,,
DELHI FIN CORPN ,http://delhi.gov.in/wps/wcm/connect/DoIT+AF8-DFC/dfc/home,,,,,,
DELICIAFOODS ,http://deliciafoods.net/,,,,,,
DEWAN HOUSING FINANC ,https://www.dhfl.com/,,,,,,
DHFLPramericaLifeIns ,https://www.dhflpramerica.com/,,,,,,
DIRECTBANKINGDEPT ,https://en.wikipedia.org/wiki/Direct+AF8-bank,,,,,,
DIVITAE TECHNOLOGY P ,https://www.zaubacorp.com/company/DIVITAE+AC0-TECHNOLOGY+AC0-PRIVATE+AC0-LIMITED/U72300DL2014PTC274063,,,,,,
DMI FINANCE PRIVATE ,https://www.dmifinance.in/,,,,,,
DMIHousingFinancePvt ,http://www.dmihousingfinance.in/,,,,,,
DOONHATCHERIESLTD ,https://www.naukri.com/doon+AC0-hatcheries+AC0-ltd+AC0-recruiters,,,,,,
DSPBR CAMS ,http://dspblackrock.com/about+AC0-us/contact+AC0-us/contact+AC0-us,,,,,,
DSSVAS ,http://dssvas.org/,,,,,,
ECL FINANCE LTD ,https://www.hdfcsec.com/ecl+AC0-finance+AC0-limited+AC0-ncd,,,,,,
EDELWEISS TOKIO LIFE ,https://www.edelweisstokio.in/,,,,,,
EDELWETOKLIFINSCOLTD ,,,,,,,
EDUNETWORKPVTLTD ,https://www.rentomojo.com/about/aboutus,,,,,,
EMI Collection for D ,https://www.nelito.com/lending+AC0-solutions/collections+AC0-recovery.html,,,,,,
EMI Collection for F ,https://www.nelito.com/lending+AC0-solutions/collections+AC0-recovery.html,,,,,,
EMI FOR ,https://www.paisabazaar.com/emi+AC0-calculator/,,,,,,
EquitableRetailAdvan ,,,,,,,
EQUITASFINANCEPVTLD ,https://www.equitasbank.com/,,,,,,
EQUITASFINPLDRETAIL ,https://www.equitasbank.com/,,,,,,
ESSEL FINANCE BUSINE ,https://www.esselfinance.com/,,,,,,
ESSELFINANCEBUSINESS ,https://www.esselfinance.com/,,,,,,
ESSKAYAUTOFINPLT ,https://www.skfin.in/index.php,,,,,,
federal bank ltd ,https://www.federalbank.co.in/,,,,,,
FINO FINANCE ,http://www.finofinance.in/,,,,,,
Fullerton India Cred ,https://www.fullertonindia.com/,,,,,,
FULLERTONINDCREDITCL ,https://www.fullertonindia.com/,,,,,,
FulllertonIndiaCredi ,https://www.fullertonindia.com/,,,,,,
FUNNFOODPRIVATELTD ,https://www.justdial.com/Delhi/Fun+AC0-Foods+AC0-Pvt+AC0-Ltd+AC0-Near+AC0-Apra+AC0-Auto+AC0-Pvt+AC0-Ltd+AC0-Okhla+AC0-Industrial+AC0-Area+AC0-Phase+AC0-1/011PK036385+AF8-BZDET,,,,,,
Future Generali Indi ,https://general.futuregenerali.in/,,,,,,
FUTUREGEINLIFINSCOLD ,https://www.consumercomplaints.in/hdfc+AC0-bank+AC0-sms+AC0-from+AC0-bank+AC0-regarding+AC0-mandated+AC0-to+AC0-future+AC0-generali+AC0-lifinscold+AC0-c1926286,,,,,,
FUTUREGENERALIINDIAI ,https://general.futuregenerali.in/,,,,,,
FutureGeneralli ,https://general.futuregenerali.in/,,,,,,
GETCLARITY FINTECH S ,https://www.zaubacorp.com/company/GETCLARITY+AC0-FINTECH+AC0-SERVICES+AC0-PRIVATE+AC0-LIMITED/U74120MH2015PTC269453,,,,,,
GIC HOUSING FINANCE ,http://www.gichfindia.com/,,,,,,
GICHOUSINGFINLTD ,https://in.linkedin.com/in/ullhas+AC0-naik+AC0-1761b964,,,,,,
GODDARDTECHNICALSOLU ,https://www.tofler.in/goddard+AC0-technical+AC0-solutions+AC0-private+AC0-limited/company/U74999KA2016PTC098506,,,,,,
HDBFINANCIALSERLTD ,https://www.hdbfs.com/,,,,,,
HDFC BANK LIMITED ,https://www.hdfcbank.com/,,,,,,
HDFC consumer durabl ,https://www.hdfcbank.com/personal/products/loans/easyemi/easy+AC0-emis+AC0-on+AC0-consumer+AC0-durables/loan+AC0-emi,,,,,,
HDFCBANKLIMITED ,https://www.hdfcbank.com/,,,,,,
HDFCLIFE ,https://www.hdfclife.com/,,,,,,
HDFCLTD ,https://www.hdfc.com/,,,,,,
HDFCMF CAMS ,https://mycams.camsonline.com/,,,,,,
HDFCMUTUALFUND ,https://www.hdfcfund.com/,,,,,,
HDFCStandardLifeInsu ,https://www.hdfclife.com/,,,,,,
HERO FINCORP ,https://www.herofincorp.com/,,,,,,
HEROFC CAMS ,https://www.camsonline.com/pdfdocuments/CAMS+AF8-COTM+AF8-application+AF8-form+AC0-individual.pdf,,,,,,
HEROFINCORPLIMITED ,https://www.herofincorp.com/,,,,,,
HeroFincorpLimitedDe ,https://www.herofincorp.com/,,,,,,
HeroFincorpLimitedRe ,https://www.indeed.co.in/cmp/Hero+AC0-Fincorp/reviews,,,,,,
HeroFincorpLtd ,https://www.herofincorp.com/,,,,,,
HINDUJAHOUSINGFINANC ,http://hindujahousingfinance.com/,,,,,,
HINDUJALEYLANDFINANC ,http://hindujaleylandfinance.com/,,,,,,
Home Credit ,https://www.homecredit.co.in/,,,,,,
HOMECRINDFINPVTLTD ,https://www.homecredit.co.in/,,,,,,
HOUSINGDVFINCLT ,https://www.fsstech.com/nach,,,,,,
HSBCCARDSANDLOANSBUS ,https://www.hsbc.co.in/help/faqs/personal+AC0-loans/,,,,,,
ICIPRU CAMS ,https://www.icicipruamc.com/,,,,,,
IDBI Bank Ltd ,https://m.idbibank.com/,,,,,,
IDFCMF CAMS ,https://www.idfcmf.com/,,,,,,
INCRED FINANCIAL SER ,https://www.incred.com/,,,,,,
INDIA BULLS HOUSING ,https://www.moneycontrol.com/india/stockpricequote/finance+AC0-housing/indiabullshousingfinance/IHF01,,,,,,
India Shelter Financ ,https://www.indiashelter.in/,,,,,,
INDIABULLS COMMERCIA ,http://www.indiabullscommercialcredit.com/,,,,,,
INDIABULLS HOUSING F ,https://www.moneycontrol.com/india/stockpricequote/finance+AC0-housing/indiabullshousingfinance/IHF01,,,,,,
INDIANCLRCORPLTD ,https://www.icclindia.com/,,,,,,
IndiaShelterFinance ,https://www.indiashelter.in/,,,,,,
INDINFFINLTD ,https://www.indiainfoline.com/contactus,,,,,,
INDINFHOUFINCOMLTD ,https://www.thebalance.com/what+AC0-does+AC0-ach+AC0-stand+AC0-for+AC0-315226,,,,,,
INDUSIND BANK CFD ,http://www.indusind.com/careers/consumer+AC0-finance+AC0-division.html,,,,,,
INVESCOMUTUALFUND ,https://invest.invescomutualfund.com/,,,,,,
ISKCONGhaziabad ,http://iskconghaziabad.com/,,,,,,
IVL FINANCE LIMITED ,http://www.indiabullsventures.com/about+AC0-us/overview/,,,,,,
Janalakshmi Financia ,https://www.janabank.com/,,,,,,
KANGRA CO OP BANK ,https://www.kangrabank.com/,,,,,,
KARNATAKA BANK LTD ,https://karnatakabank.com/,,,,,,
KERALA GRAMIN BANK ,https://www.keralagbank.com/,,,,,,
KKBK ,https://www.kotak.com/en.html,,,,,,
KMBLDRAOPERATIONS ,https://www.kotak.com/en/personal+AC0-banking/payments/loan.html,,,,,,
KOGTAFINANCIALINDIA ,https://www.kogta.in/,,,,,,
KOGTAFINANCIALINDIAL ,https://www.kogta.in/,,,,,,
KOTAK LIFE INSURANCE ,https://insurance.kotak.com/,,,,,,
KOTAKMAHPRIMELTKKBK ,https://www.fsstech.com/nach,,,,,,
KOTAKMF CAMS ,https://assetmanagement.kotak.com/cams+AC0-transaction+AC0-points,,,,,,
L T CAMS ,http://www.cammotion.com/,,,,,,
L TFINANCELIMITED ,https://www.ltfs.com/,,,,,,
L THOUSINGFINANCELTD ,https://www.justdial.com/Lucknow/L+AC0-T+AC0-Housing+AC0-Finance+AC0-Ltd+AC0-Near+AC0-Boothnath+AC0-Indira+AC0-Nagar/0522PX522+AC0-X522+AC0-160402140043+AC0-T9Y3+AF8-BZDET,,,,,,
LAXINDFINLEASECAP ,http://www.lifc.co.in/,,,,,,
LENDING KART FINANCE ,https://www.lendingkart.com/,,,,,,
LENDINGKART FINANCE ,https://www.lendingkart.com/,,,,,,
LIC OF INDIA ,https://www.licindia.in/,,,,,,
LICHOUSINGFINLTD ,https://www.lichousing.com/home+AF8-loan.php,,,,,,
LICNOMURA ,https://www.licmf.com/,,,,,,
LOANDEPARTMENT ,https://www.indeed.co.in/Loan+AC0-Department+AC0-jobs,,,,,,
LOHIA SERVICES ,https://www.justdial.com/Delhi/Lohia+AC0-Services+AC0-Near+AC0-Corporation+AC0-Bank+AC0-Ghitorni/011PXX11+AC0-XX11+AC0-150121161525+AC0-I1E5+AF8-BZDET,,,,,,
LORDFINCAPLTD ,https://www.justdial.com/Delhi/Lord+AC0-Fincap+AC0-Ltd+AC0-Near+AC0-Radha+AC0-Kishan+AC0-Mandir+AC0-Kailash+AC0-Colony/011PXX11+AC0-XX11+AC0-120627190205+AC0-J8H2+AF8-BZDET,,,,,,
LORDKRISHNAFINANCIAL ,https://prestloans.com/Contact,,,,,,
LOTUS SREE FILCO PRI ,https://economictimes.indiatimes.com/company/lotus+AC0-sree+AC0-filco+AC0-private+AC0-limited+AC0-/U65910PN1996PTC101188,,,,,,
MAGMAFINCORPLIMITED ,https://magma.co.in/,,,,,,
MAHINAMAHINFINSERLD ,,,,,,,
MAHINDRA HOLIDAYS AN ,http://www.clubmahindra.com/,,,,,,
MahindraandMahindraF ,https://www.mahindrafinance.com/,,,,,,
MAHINDRAFINANCE ,https://www.mahindrafinance.com/,,,,,,
MAHINDRAFINSERVLTD ,https://www.mahindrafinance.com/,,,,,,
MahindraMF ,https://www.mahindramutualfund.com/,,,,,,
MahindraRuralHousing ,https://www.mahindrahomefinance.com/,,,,,,
MAHNIMAHINFINSERLD ,,,,,,,
MANIBHAVNAMHOMEFINAN ,https://www.manibhavnam.com/,,,,,,
MANPFINLTD ,https://www.quora.com/What+AC0-is+AC0-the+AC0-meaning+AC0-of+AC0-this+AC0-sentence+AC0-Mandate+AC0-Registration+AC0-UMRN+AC0-SBIN0000000020588800+AC0-for+AC0-Rs+AC0-43+AC0-000+AC0-00+AC0-issued+AC0-to+AC0-HDFC+AC0-BANK+AC0-LIMITED+AC0-received+AC0-today+AC0-In+AC0-case+AC0-of+AC0-any+AC0-issues+AC0-pls+AC0-contact+AC0-branch,,,,,,
MaxBupaHealthInsuran ,https://www.maxbupa.com/,,,,,,
MaxLife ,https://www.maxlifeinsurance.com/,,,,,,
MIRAEMF ,https://www.miraeassetmf.co.in/,,,,,,
MONEYPLUSFINANCIALSE ,https://moneyplusfin.com/,,,,,,
MotilalOswalSecuriti ,https://www.motilaloswal.com/,,,,,,
MSF INDIA ,https://www.msfindia.in/,,,,,,
MSSINGHFINLEASEPVTLT ,https://www.zaubacorp.com/company/SINGH+AC0-FINLEASE+AC0-PRIVATE+AC0-LIMITED/U74899DL1993PTC056542,,,,,,
MSSUPREMEHOUSINGFINA ,https://economictimes.indiatimes.com/sahara+AC0-housingfina+AC0-corporation+AC0-ltd/stocks/companyid+AC0-9087.cms,,,,,,
MUTHFIN CAMS ,https://www.muthootfincorp.com/product+AC0-services/emi+AC0-gold+AC0-loan,,,,,,
MUTHOOT CAMS ,https://muthoot.com/,,,,,,
MUTHOOT HOMEFIN INDI ,https://www.muthoothomefin.com/,,,,,,
MUTHOOT HOUSING FINA ,https://www.muthoothousing.com/,,,,,,
NATIONALSECURITIESCL ,https://www.nscclindia.com/,,,,,,
NEOGROWTH CREDIT PVT ,https://www.neogrowth.in/,,,,,,
NEWHABITATHOUSINGFIN ,http://newhabitat.in/nhhfdl/,,,,,,
NISSANRENLTFSINPLD ,https://www.bemoneyaware.com/blog/nach+AC0-what+AC0-is+AC0-nach+AC0-nach+AC0-otm+AC0-how+AC0-nach+AC0-will+AC0-replace+AC0-ecs/,,,,,,
NJINDIAINVESTPVT ,http://www.njgroup.in/,,,,,,
NJINDIAINVESTPVTLTD ,http://www.njgroup.in/,,,,,,
NSEMFS CAMS ,https://www.nsenmf.com/,,,,,,
OHEALERHEALTHCARESER ,,,,,,,
ORIENTAL BANK OF COM ,https://www.obconline.co.in/,,,,,,
OVINGTONFINANCE ,https://www.ovingtonfinance.com/,,,,,,
OVINGTONFINANCEPVTLT ,https://www.ovingtonfinance.com/,,,,,,
PARIKA INVESTMENTS P ,https://connect2india.com/PARIKA+AC0-INVESTMENTS+AC0-PRIVATE+AC0-LIMITED/1996965,,,,,,
PayU Payments Privat ,https://www.payubiz.in/contact,,,,,,
PERFECT CAPITAL SERV ,https://www.indiamart.com/perfect+AC0-capital+AC0-service/,,,,,,
PERFECT FINSEC PVT L ,https://connect2india.com/PERFECT+AC0-FINSEC+AC0-PRIVATE+AC0-LIMITED/2011292,,,,,,
PINELABSPRIVATELTD ,https://www.pinelabs.com/,,,,,,
PNBHousingFinanceLtd ,https://www.pnbhousing.com/,,,,,,
PNBMETLIFEINDINSCO ,https://www.pnbmetlife.com/other+AC0-disclosure/public+AC0-notice.html,,,,,,
POOJA FINELEASE LTD ,https://www.zaubacorp.com/company/POOJA+AC0-FINELEASE+AC0-LIMITED/U74899DL1995PLC064213,,,,,,
PPFAS CAMS ,https://amc.ppfas.com/investor+AC0-desk/pick+AC0-up+AC0-services/index.php,,,,,,
PRERANA CO OP BANK ,http://preranabank.com/,,,,,,
PROSPER HOUSING FINA ,http://www.prosperhousingfinance.com/,,,,,,
Q FACTOR FINANCE AND ,https://www.zaubacorp.com/company/Q+AC0-FACTOR+AC0-FINANCE+AC0-AND+AC0-INVESTMENTS+AC0-PRIVATE+AC0-LIMITED+AC0-/U74899DL1990PTC039476,,,,,,
RAASAFFORDBLHOUSING ,http://rahfil.careersitemanager.com/,,,,,,
Railway India Childr ,https://www.railwaychildren.org.uk/what+AC0-we+AC0-do/our+AC0-work+AC0-in+AC0-india/,,,,,,
RAZORPAY ,https://razorpay.com/,,,,,,
RBMONEYFINANCIALSERV ,http://rbmoney.in/,,,,,,
RelianceCapitalLtd ,http://www.reliancecapital.co.in/,,,,,,
RELIANCECAPLTDCFDIV ,http://www.reliancecapital.co.in/,,,,,,
RelianceCommercialFi ,https://www.reliancemoney.co.in/,,,,,,
RELIANCEJIOINFOCOMML ,https://twitter.com/hashtag/reliancejioinfocom?src+AD0-hash,,,,,,
RELIANCELIFEINSCOM ,https://www.reliancenipponlife.com/,,,,,,
RelianceRetailLimite ,https://relianceretail.com/,,,,,,
RELIGARE HEALTH INSU ,https://www.religarehealthinsurance.com/,,,,,,
Religare Securities ,http://www.religareonline.com/,,,,,,
RELIGAREHOUSINGDEVEL ,https://www.religarehomeloans.com/,,,,,,
RELIGAREHOUSINGDEVFI ,https://www.religarehomeloans.com/,,,,,,
RETAILASSETDEPTOFRBL ,https://www.rblbank.com/api/v1/doc/document/footer+AC0-retail+AC0-asset/terms+AC0-retail+AC0-assets.pdf,,,,,,
RETASSTOPIDFB ,,,,,,,
RIVAZ FINANCE LIMITE ,https://www.justdial.com/Meerut/Rivaz+AC0-Finance+AC0-Limited+AC0-Begum+AC0-Bridge/9999PX121+AC0-X121+AC0-101022181432+AC0-A1J9DC+AF8-BZDET,,,,,,
RivieraInvestorsPLtd ,https://www.zaubacorp.com/company/RIVIERA+AC0-INVESTORS+AC0-PRIVATE+AC0-LIMITED/U65923HR1980PTC069400,,,,,,
RNVP TECHNOLOGY PVT ,https://www.i2ifunding.com/privacy+AC0-policy,,,,,,
S G A SECURITIES PVT ,https://www.zaubacorp.com/company/S+AC0-G+AC0-A+AC0-SECURITIES+AC0-PRIVATE+AC0-LIMITED/U74899DL1994PTC060126,,,,,,
SATINCREDITCARENETLD ,https://satincreditcare.com/,,,,,,
SAVETHECHILDRENBALRA ,https://www.savethechildren.in/about+AC0-us,,,,,,
SBI R A C P C ,https://www.prokerala.com/banking/sbi/racpc+AC0-ghaziabad+AC0-72737.html,,,,,,
SBI R A C P C AGR ,https://economictimes.indiatimes.com/wealth/ifsccode/bank+AC0-state+AC0-bank+AC0-of+AC0-india,,,,,,
SBI RACPC CHITRAKOO ,https://www.ifscswiftcodes.com/State+AC0-Bank+AC0-of+AC0-India+AC0-(SBI)+AC0-IFSC+AC0-Code/Rajasthan/Jaipur/Racpc+AC0-2+AC0-Jaipur.htm,,,,,,
SCUF ,https://scufgaming.com/,,,,,,
SEWAGRIHRINLIMITED ,https://sgrlimited.in/,,,,,,
SHAKUNTLAM SECURITIE ,https://indiankanoon.org/doc/177172658/,,,,,,
Sharekhan Ltd ,https://www.sharekhan.com/,,,,,,
SHRIRAM CITY UNION F ,https://www.shriramcity.in/,,,,,,
SHRIRAMCITYUNIONFINA ,https://www.shriramcity.in/,,,,,,
SHRIRAMTRANSFINCOLTD ,http://www.stfc.in/,,,,,,
SmallBusinessFincred ,http://www.sbfc.com/,,,,,,
SMART COIN FINANCIAL ,https://www.smartcoin.co.in/,,,,,,
SONATA FINANCE PVT L ,https://www.sonataindia.com/,,,,,,
Sreiequipmentfinance ,http://www.srei.com/companies/srei+AC0-ventures/sefl,,,,,,
STAN CHART BANK CLPU ,https://www.sc.com/in/,,,,,,
STANCHART BANK CLPU ,https://www.sc.com/in/,,,,,,
STATE BANK OF INDIA ,https://www.onlinesbi.com/,,,,,,
STOCK HOLDING CORP ,https://online.stockholding.com/,,,,,,
STOCK HOLDING CORPOR ,https://online.stockholding.com/,,,,,,
SUNDARAM FINANCE LIT ,https://www.sundaramfinance.in/,,,,,,
SUNDARAM FINANCE LTD ,https://www.sundaramfinance.in/,,,,,,
SUNDARAMMUTUALFUND ,https://www.sundarammutual.com/,,,,,,
SUPERFRIENDSERVICESP ,https://www.zaubacorp.com/company/SUPERFRIEND+AC0-SERVICES+AC0-PRIVATE+AC0-LIMITED/U74140DL2014PTC264275,,,,,,
SUPREMEHOUSINGFINANC ,http://www.supremehomeloans.com/,,,,,,
TATA MOTORS FINANCE ,https://www.tmf.co.in/,,,,,,
TATACAPFINSERLTD ,http://www.tatacapitalfinancialservices.com/,,,,,,
TATACAPHOUFINLTD ,http://www.tatacapitalhfl.com/aboutus/aboutus.htm,,,,,,
TATACAPITALFINANCIAL ,http://www.tatacapitalfinancialservices.com/,,,,,,
TATACAPITALHOUSINGFI ,https://www.tatacapital.com/home+AC0-loans.htm,,,,,,
THE MANTOLA COOP THR ,https://indiankanoon.org/doc/135595352/,,,,,,
THE VAISH COOP BANK ,http://vcabdelhi.in/,,,,,,
Think And Learn Pvt ,https://in.linkedin.com/company/byjus,,,,,,
Titan Company Ltd ,https://www.titan.co.in/,,,,,,
TOYOTAFINSERINDLTD ,https://www.scribd.com/document/336257358/AGICL+AC0-AXIS+AC0-BANK+AC0-Statement+AC0-JULY+AC0-2016+AC0-pdf,,,,,,
ABL ,https://en.wikipedia.org/wiki/ABL,,,,,,
ADITYA ,https://www.youtube.com/watch?v+AD0-XnbEg2zJIPI,,,,,,
APEXCASTLE ,http://apexcastle.com/AboutUs.html,,,,,,
AWADHSAHUCOOP ,http://asctcs.in/,,,,,,
BAJAJ LIFE ,https://www.bajajallianzlife.com/,,,,,,
BAJAJAUTO REP ,https://www.bajajauto.com/service/locator,,,,,,
BAJAJFIN ,https://www.bajajfinserv.in/,state+AC0-delhi,district+AC0-new+AC0-delhi,branch+AC0-racpc+AC0-delhi,ifsccode+AC0-SBIN0004492.cms,,
BIRLA SUNLIFE ,https://www.adityabirlacapital.com/,,,,,,
BTT ,https://coinmarketcap.com/currencies/bittorrent/,,,,,,
Capital First ,https://www.capitalfirst.com/,,,,,,
CAPITALFIRSTR ,https://www.capitalfirst.com/,,,,,,
Capri Global ,https://www.capriglobal.in/,,,,,,
CAPRIGLOBAL ,https://www.capriglobal.in/,,,,,,
CFHFL REP ,https://nseindia.com/corporate/CAPF+AF8-05102018132150+AF8-CFL+AF8-NCLT+AF8-Shareholders+AF8-Meeting+AF8-Outcome+AF8-04102018+AF8-096.pdf,,,,,,
CHINTAMANI ,https://www.youtube.com/watch?v+AD0-sOufc9qYhhA,,,,,,
CHOLAMANDALAM ,http://www.cholamandalam.com/,,,,,,
CPTLFIRSTHOME ,https://www.capitalfirst.com/home+AC0-loan,,,,,,
DRPFINANCIAL ,http://www.drpfinance.com/,,,,,,
ETECHACES ,http://www.etechaces.com/,,,,,,
FAIRASSETS ,https://www.faircent.com/,,,,,,
FUTUREGENERLI ,https://general.futuregenerali.in/,,,,,,
GROLIER ,http://grolier+AC0-asia.com/,,,,,,
GURUDEV ,https://en.wikipedia.org/wiki/Gurudev+AF8-(film),,,,,,
HDF ,https://www.youtube.com/watch?v+AD0-qitenYvpSx4,,,,,,
HERO ,https://www.heromotocorp.com/en+AC0-in/,,,,,,
Hinduja ,http://www.hindujagroup.com/,,,,,,
HOME ,https://www.youtube.com/watch?v+AD0-jqxENMKaeCU,,,,,,
Home First ,https://homefirstindia.com/,,,,,,
HueyTechnolo ,http://huey.technology.site2preview.com/,,,,,,
ICICI BANK ,https://www.icicibank.com/,,,,,,
ICICIBANK REP ,https://www.icicibank.com/managed+AC0-assets/docs/about+AC0-us/2006/BG+AC0-East+AC0-Rep+AC0-Dec06.pdf,,,,,,
IFL ,http://www.iflenterprises.com/,,,,,,
IIL ,http://www.indimmune.com/,,,,,,
INDIAINFESIGN ,https://www.thebalance.com/what+AC0-does+AC0-ach+AC0-stand+AC0-for+AC0-315226,,,,,,
INDIAINFOLINE ,https://www.indiainfoline.com/,,,,,,
INDOSTRACAPT ,,,,,,,
INDSTARHOME ,https://www.facebook.com/hotelgulmor.in/,,,,,,
INTERNATIONAL ,https://www.youtube.com/watch?v+AD0-CdXesX6mYUE,,,,,,
INVESTMENTS ,https://en.wikipedia.org/wiki/Investment,,,,,,
ISHAFOUNDATIO ,https://www.ishafoundation.org/?global,,,,,,
Just Dial ,https://www.justdial.com/,,,,,,
KIRANTRADING ,http://kirantrading.com/,,,,,,
KOTAK ,https://www.kotak.com/en.html,,,,,,
L AND T MATUA ,http://www.larsentoubro.com/,,,,,,
LENDINGKART ,https://www.lendingkart.com/,,,,,,
MAGICBUS ,https://www.magicbus.org/,,,,,,
MAGMA HOUSING ,https://www.magmahfc.co.in/,,,,,,
MAGMAHOUREP ,https://github.com/CDAT/vcs+AC0-js/blob/master/demo/index.html,,,,,,
MANAPPURAM ,https://www.manappuram.com/,,,,,,
Mswipe Tech ,https://www.mswipe.com/,,,,,,
paisa ,https://en.wikipedia.org/wiki/Paisa,,,,,,
PAISA ESIGN ,https://www.5paisa.com/login+AC0-page,,,,,,
PNBHOUSING ,https://www.pnbhousing.com/,,,,,,
PRUDENT ,https://www.prudentcorporate.com/,,,,,,
RATTANINDIA ,http://www.rattanindia.com/,,,,,,
RELIANCE MF ,https://www.reliancemutual.com/,,,,,,
Reliancecomm ,http://www.moneycontrol.com/stocks/cptmarket/compsearchnew.php?search+AF8-str+AD0-INE330H01018,,,,,,
RELIANCEESIGN ,https://www.youtube.com/watch?v+AD0-ABMhZdg2Tt8,,,,,,
RELIANCEHOME ,https://www.reliancehomefinance.com/,,,,,,
RLOAN AXIS BA ,https://www.axisbank.com/retail/loans/personal+AC0-loan/features+AC0-benefits,,,,,,
SATINHOUSING ,https://satinhousingfinance.com/,,,,,,
SAVEFINANCIAL ,http://savemicrofinance.com/,,,,,,
SFD ,https://sfd.susana.org/about/the+AC0-sfd,,,,,,
SHD ,https://www.genecards.org/cgi+AC0-bin/carddisp.pl?gene+AD0-SHD,,,,,,
SHD IN House ,https://www.youtube.com/watch?v+AD0-9iAimdDsBKE,,,,,,
SHIKHARMICRO ,https://www.justdial.com/Delhi/Shikhar+AC0-Micro+AC0-Finance+AC0-Pvt+AC0-Ltd+AC0-Near+AC0-Car+AC0-Market+AC0-Kishangarh+AC0-Vasant+AC0-Kunj/011PXX11+AC0-XX11+AC0-110528194541+AC0-K3L4+AF8-BZDET,,,,,,
SHUBHAM ,https://www.youtube.com/watch?v+AD0-2FBeFz6Q3GQ,,,,,,
SICREVACAPITL ,https://sicrevacapital.com/,,,,,,
SLI ,https://en.wikipedia.org/wiki/Scalable+AF8-Link+AF8-Interface,,,,,,
STARAGRI FINA ,http://staragrifinance.com/,,,,,,
SUMANGALMOTOR ,https://www.justdial.com/Delhi/Sumangal+AC0-Motors+AC0-Near+AC0-Liberty+AC0-Cinema+AC0-Karol+AC0-Bagh/011PXX11+AC0-XX11+AC0-101203133058+AC0-Y9L7+AF8-BZDET,,,,,,
TATACAPFSL ,https://www.tatacapital.com/,,,,,,
Thirumeni Fin ,https://varthana.com/,,,,,,
TVS ,https://www.tvsmotor.com/,,,,,,
UIA ,https://www.flyuia.com/,,,,,,
UNOGROWTHTECH ,https://www.zaubacorp.com/company/UNOGROWTH+AC0-TECHNOLOGIES+AC0-PRIVATE+AC0-LIMITED/U74999HR2017PTC070709,,,,,,
VIVIFIINDIA ,https://www.flexsalary.com/terms+AC0-and+AC0-conditions.php,,,,,,
VJ LEASING ,https://www.indiamart.com/vj+AC0-financial/,,,,,,
Wealth India ,https://www.fundsindia.com/,,,,,,
WEALTHAPPFIN ,https://wealthapp.com/,,,,,,
WHEELSEMI ,https://wheelsemi.com/,,,,,,
ZENLEFIN ,https://www.capitalfloat.com/company,,,,,,
Dewan Housing Fin ,http://www.moneycontrol.com/stocks/cptmarket/compsearchnew.php?search+AF8-str+AD0-INE202B01012,,,,,,
NACH SHFL ,https://www.shriramhousing.in/,,,,,,
TPACHICICIBANK ,https://www.thebalance.com/what+AC0-does+AC0-ach+AC0-stand+AC0-for+AC0-315226,,,,,,
TPCapfrst nowIDFC BK ,https://www.livemint.com/Companies/nN8S5UjphAe4EjLTxmZ0IM/Capital+AC0-First+AC0-merges+AC0-with+AC0-IDFC+AC0-Bank+AC0-to+AC0-create+AC0-IDFC+AC0-First+AC0-Ban.html,,,,,,
TRUE BLUE FINLEASE L ,https://www.justdial.com/Delhi/True+AC0-Blue+AC0-Finlease+AC0-Ltd+AC0-J+AC0-BlockNear+AC0-More+AC0-Store+AC0-Tilak+AC0-Nagar/011PXX11+AC0-XX11+AC0-001082321418+AC0-N1B8+AF8-BZDET,,,,,,
TVS CREDIT SERVICES ,https://www.tvscredit.com/,,,,,,
UCOBANK ,https://www.ucobank.com/,,,,,,
UJJIVANSMALLFINANCEB ,https://www.ujjivansfb.in/,,,,,,
UMMEEDHOUSINGFINANCE ,https://www.ummeedhfc.com/,,,,,,
UNICEF ,https://www.unicef.org/,,,,,,
UNION BANK OF INDIA ,https://www.unionbankofindia.co.in/,,,,,,
UpharFinvestLtd ,https://www.justdial.com/Delhi/Uphar+AC0-Finvest+AC0-Ltd+AC0-Registered+AC0-Office+AC0-Opposite+AC0-BSES+AC0-Office+AC0-Nehru+AC0-Place/011PXX11+AC0-XX11+AC0-140520151907+AC0-P5U2+AF8-BZDET,,,,,,
USER ,https://en.wikipedia.org/wiki/User+AF8-(computing),,,,,,
VASTU HOUSING FINANC ,https://www.vastuhfc.com/,,,,,,
VEDAVYSADAVPUBLICSCH ,http://vvdav.org/,,,,,,
VIG K FINANCE PRIVAT ,https://www.vigkfinance.com/,,,,,,
VINTAGECREDITLEASE ,https://www.justdial.com/Delhi/Vintage+AC0-Credit+AC0-Leasing+AC0-Pvt+AC0-Ltd+AC0-Opposite+AC0-Karnataka+AC0-Bank+AC0-Patel+AC0-Nagar/011PK010375+AF8-BZDET,,,,,,
VISTAAR FINANCIAL SE ,http://www.vistaarfinance.com/,,,,,,
VistaarFinancialServ ,http://www.vistaarfinance.com/,,,,,,
VISU LEASING AND FIN ,https://www.incred.com/faq.html,,,,,,
VODAFONE ,https://www.vodafone.in/,,,,,,
VOLVO ASSET FINANCE ,https://www.vfsco.in/en+AC0-in/home.html,,,,,,
VOLVO FINANCIAL SERV ,https://www.vfsco.com/,,,,,,
VYAKTIVIKASKIND ,https://in.linkedin.com/company/vyakti+AC0-vikas+AC0-kendra+AC0-india,,,,,,
WEALTHINDFINSERPLD ,,,,,,,
WOOD CAPITAL FINANCE ,https://www.zaubacorp.com/company/WOOD+AC0-CAPITAL+AC0-FINANCE+AC0-LIMITED/U65999MP1992PLC007399,,,,,,
YES BANK RETAIL ASSE ,https://www.yesbank.in/digital+AC0-banking/online+AC0-banking/retail+AC0-net+AC0-banking,,,,,,
Zen Lefin Pvt Ltd ,https://www.capitalfloat.com/company,,,,,,
RUDRAKSHSHAKTIPEETHA,https://www.templepurohit.com/product/3+AC0-mukhi+AC0-rudraksha/,,,,,,
RUDRAKSHSHPTRHRY,https://www.tripadvisor.in/Hotel+AF8-Review+AC0-g679024+AC0-d9980430+AC0-Reviews+AC0-Rudraksh+AF8-Club+AF8-Resorts+AC0-Ujjain+AF8-Ujjain+AF8-District+AF8-Madhya+AF8-Pradesh.html,,,,,,
S G A SECURITIES PVT,https://www.zaubacorp.com/company/S+AC0-G+AC0-A+AC0-SECURITIES+AC0-PRIVATE+AC0-LIMITED/U74899DL1994PTC060126,,,,,,
SAFEGUARDINHMPLTD,https://mawsafeguarding.co.uk/,,,,,,
SAHAJ SPIRITUAL,http://www.sahajmarg.org/sm/what+AC0-is+AC0-spirituality,,,,,,
SaharaIndialifeinsur,https://www.saharalife.com/,,,,,,
SANCTUMWEALTHMANAGEM,https://sanctumwealth.com/,,,,,,
SATINCREDITCARENETLD,https://satincreditcare.com/,,,,,,
SAVETHECHILDRENBALRA,https://www.savethechildren.in/about+AC0-us,,,,,,
SBBJ NEW DELHI,https://banksifsccode.com/state+AC0-bank+AC0-of+AC0-bikaner+AC0-and+AC0-jaipur+AC0-ifsc+AC0-code/delhi/new+AC0-delhi/,,,,,,
SBH NEW DELHI,http://www.ratekhoj.com/bank+AC0-branches/bank+AC0-locs+AC0-results.php?bankname+AD0-State+Bank+Of+Hyderaba//0AJg-cityname+AD0-Delhi,,,,,,
SBI ANDHERI RACPC,https://bankifsccode.com/STATE+AF8-BANK+AF8-OF+AF8-INDIA/MAHARASHTRA/MUMBAI/RACPC+AF8-ANDHERI+AF8-WEST,,,,,,
SBI LOAN RACPC MDSP,https://homeloans.sbi/contact+AC0-us,,,,,,
SBI R A C P C ,https://www.prokerala.com/banking/sbi/racpc+AC0-ghaziabad+AC0-72737.html,,,,,,
SBI R A C P C AGR,https://economictimes.indiatimes.com/wealth/ifsccode/bank+AC0-state+AC0-bank+AC0-of+AC0-india,,,,,,
SBI R A C P C LUC,https://www.sbi.co.in/portal/documents/41076/14524542/Lucknow.xls/91f6af39+AC0-a376+AC0-47fd+AC0-9060+AC0-4fabf8f85487,,,,,,
SBI RACPC ,https://www.prokerala.com/banking/sbi/racpc+AC0-ghaziabad+AC0-72737.html,,,,,,
SBI RACPC BHOPAL,http://www.customerhelplinenumber.com/state+AC0-bank+AC0-of+AC0-india+AC0-racpc+AC0-bhopal+AC0-madhya+AC0-pradesh.html,,,,,,
SBI RACPC CHENNAI,https://bankifsccode.com/STATE+AF8-BANK+AF8-OF+AF8-INDIA/TAMIL+AF8-NADU/CHENNAI/RACPC,,,,,,
SBI RACPC CHITRAKOO,https://www.ifscswiftcodes.com/State+AC0-Bank+AC0-of+AC0-India+AC0-(SBI)+AC0-IFSC+AC0-Code/Rajasthan/Jaipur/Racpc+AC0-2+AC0-Jaipur.htm,,,,,,
SBI RACPC CHITRAKOOT,https://www.ifscswiftcodes.com/State+AC0-Bank+AC0-of+AC0-India+AC0-(SBI)+AC0-IFSC+AC0-Code/Rajasthan/Jaipur/Racpc+AC0-2+AC0-Jaipur.htm,,,,,,
SBI RACPC COIMBATORE,http://bankcontact.in/sbi/10042.html,,,,,,
SBI RACPC DEHRADUN,https://bankifsccode.com/STATE+AF8-BANK+AF8-OF+AF8-INDIA/UTTARAKHAND/DEHRADUN/RACPC,,,,,,
SBI RACPC GHATKOPAR,http://bankcontact.in/sbi/15426.html,,,,,,
SBI RACPC GUNTUR,https://banksifsccode.com/state+AC0-bank+AC0-of+AC0-india+AC0-ifsc+AC0-code/andhra+AC0-pradesh/guntur/rasmecc+AC0-sarc+AC0-guntur+AC0-branch/,,,,,,
SBI RACPC GUWAHATI,https://bankifsccode.com/STATE+AF8-BANK+AF8-OF+AF8-INDIA/ASSAM/KAMRUP+AF8-/RACPC+AF8-GUWAHATI,,,,,,
SBI RACPC GWALIOR,https://www.prokerala.com/banking/sbi/racpc+AC0-gwalior+AC0-68236.html,,,,,,
SBI RACPC INDORE,http://www.customerhelplinenumber.com/state+AC0-bank+AC0-of+AC0-india+AC0-racpc+AC0-indore+AC0-madhya+AC0-pradesh.html,,,,,,
SBI RACPC JODHPUR,http://officesinindia.blogspot.com/2013/10/state+AC0-bank+AC0-of+AC0-india+AC0-office+AC0-racpc.html,,,,,,
SBI RACPC KANPUR,http://bankcontact.in/sbi/5183.html,,,,,,
SBI RACPC LUCKNOW,https://bankifsccode.com/STATE+AF8-BANK+AF8-OF+AF8-INDIA/UTTAR+AF8-PRADESH/LUCKNOW/RACPC+AF8-LUCKNOW,,,,,,
SBI RACPC NAGPUR,http://bankcontact.in/sbi/10288.html,,,,,,
SBI RACPC RAJARHAT,https://bankifsccode.com/STATE+AF8-BANK+AF8-OF+AF8-INDIA/WEST+AF8-BENGAL/NORTH+AF8-24+AF8-PARGANAS/RACPC+AC0-RAJARHAT,,,,,,
SBI RACPC TAMBARAM,https://www.bankbazaar.com/ifsc+AC0-code/state+AC0-bank+AC0-of+AC0-india/tamil+AC0-nadu/kancheepuram/racpc+AC0-tambaram+AC0-branch.html,,,,,,
SBI RACPC VIJAYAWADA,http://bankcontact.in/sbi/5252.html,,,,,,
SBI RASMECC PANIPAT,http://bankcontact.in/sbi/5280.html,,,,,,
SBI RASMECCC PANAJI,https://www.ifscswiftcodes.com/IFSC+AC0-Code/SBIN0010290.htm,,,,,,
SBIL ,https://in.investing.com/equities/sbi+AC0-life+AC0-insurance,,,,,,
SBIL A ,https://www.sbilife.co.in/,,,,,,
SBIMF CAMS,https://www.sbimf.com/en+AC0-us/locate+AC0-us,,,,,,
SBIRACPC ERNAKULAM,http://bankcontact.in/sbi/10158.html,,,,,,
SBIRACPC HYDERABAD,http://bankcontact.in/sbi/4489.html,,,,,,
SCUF,https://scufgaming.com/,,,,,,
SEWAGRIHRINLIMITED,https://sgrlimited.in/,,,,,,
SHAHEEDBHAGATSINGHHE,https://www.youtube.com/watch?v+AD0-7BBk0Dh1jnk,,,,,,
SHAKUNTLAM SECURITIE,https://indiankanoon.org/doc/177172658/,,,,,,
Sharekhan Ltd,https://www.sharekhan.com/,,,,,,
SHCILG CAMS,https://online.stockholding.com/mf/shcilMfOnline.aspx,,,,,,
SHEMROCK HERITAGE,https://www.facebook.com/ShemrockHeritage/,,,,,,
SHRIRAM CITY UNION F,https://www.shriramcity.in/,,,,,,
SHRIRAMCITYUNIONFINA,https://www.shriramcity.in/,,,,,,
SHRIRAMTRANSFINCOLTD,http://www.stfc.in/,,,,,,
SmallBusinessFinCred,http://www.sbfc.com/,,,,,,
SMART COIN FINANCIAL,https://www.smartcoin.co.in/,,,,,,
SMC GLOBAL SECURITIE,https://www.smctradeonline.com/,,,,,,
SONATA FINANCE PVT L,https://www.sonataindia.com/,state+AC0-delhi,district+AC0-new+AC0-delhi,branch+AC0-racpc+AC0-delhi,ifsccode+AC0-SBIN0004492.cms,,
SONI CHATRATH AND CO,https://economictimes.indiatimes.com/soni+AC0-chatrath+AC0-co+AC0-new+AC0-delhi/params/smecompany/entityid+AC0-110630,,,,,,
SOSCHILDRENSVILL,https://www.findyello.com/jamaica+AC0-island/S+AC0-O+AC0-S+AC0-Childrens+AC0-Vill+AC0-Ja+AC0-Ltd,,,,,,
SRDAV PUBLIC SCHOOL,http://davdayanandvihar.net/,,,,,,
Sreiequipmentfinance,http://www.srei.com/companies/srei+AC0-ventures/sefl,+AF8-CHENNAI,,,,,
ST PAULS SCHOOL AYAN,https://in.linkedin.com/pub/dir/Ayan/Paul,,,,,,
ST PAULS SCHOOL HAUZ,http://www.stpauls+AC0-delhi.com/,,,,,,
STAN CHART BANK CLPU,https://www.sc.com/in/,,,,,,
STANCHART BANK CARD,https://www.sc.com/in/credit+AC0-cards/,+AF8-DEHRADUN,,,,,
STANCHART BANK CLPU,https://www.sc.com/in/,,,,,,
STARFINVESTPVTLTD,https://www.starfinvest.in/,,,,,,
STATE BANK OF INDIA,https://www.onlinesbi.com/,,,,,,
STEMCYTEINTHERPPLT,https://www.fda.gov/downloads/BiologicsBloodVaccines/CellularGeneTherapyProducts/ApprovedProducts/UCM613393.pdf,,,,,,
STERHOLRESORTSILTD,https://www.sterlingholidays.com/resorts+AC0-hotels/lonavala,,,,,,
STOCK HOLDING CORP,https://online.stockholding.com/,,,,,,
STOCK HOLDING CORPOR,https://online.stockholding.com/,,,,,,
SUNDARAM FINANCE LIT,https://www.sundaramfinance.in/,,,,,,
SUNDARAM FINANCE LTD,https://www.sundaramfinance.in/,,,,,,
SUNDARAMFINLTD,https://www.sundaramfinance.in/,,,,,,
SUNDARAMMUTUALFUND,https://www.sundarammutual.com/,,,,,,
SUNDMF CAMS,https://www.excelforum.com/excel+AC0-general/807579+AC0-using+AC0-vlookup+AC0-to+AC0-find+AC0-a+AC0-string+AC0-from+AC0-text+AC0-and+AC0-return+AC0-a+AC0-label.html,,,,,,
SUPERFRIENDSERVICESP,https://www.zaubacorp.com/company/SUPERFRIEND+AC0-SERVICES+AC0-PRIVATE+AC0-LIMITED/U74140DL2014PTC264275,,,,,,
SUPREMEHOUSINGFINANC,http://www.supremehomeloans.com/,,,,,,
Suryoday SFBL,https://www.suryodaybank.com/,,,,,,
SVC BANK,https://www.svcbank.com/,,,,,,
SYNDICATE BANK,https://www.syndicatebank.in/,,,,,,
TABCAPITALPVTLTD,https://www.tabcapital.co.in/,,,,,,
TATA MOTORS FINANCE,https://www.tmf.co.in/,,,,,,
TATACAPFINSERLTD,http://www.tatacapitalfinancialservices.com/,,,,,,
TATACAPHOUFINLTD,http://www.tatacapitalhfl.com/aboutus/aboutus.htm,,,,,,
TATACAPHSGFINLTD,http://www.tatacapitalhfl.com/aboutus/aboutus.htm,,,,,,
TATACAPITALFINANCIAL,http://www.tatacapitalfinancialservices.com/,,,,,,
TATACAPITALHOUSINGFI,https://www.tatacapital.com/home+AC0-loans.htm,,,,,,
TATAMF CAMS,http://www.tatamutualfund.com/downloads/addendums/for+AC0-cams,,,,,,
TechProcess BillJn ,https://www.techprocess.co.in/,,,,,,
THE MANTOLA COOP T A,https://www.justdial.com/Delhi/Mantola+AC0-Cooperative+AC0-Thrift+AC0-Credit+AC0-Society+AC0-Ltd+AC0-Mantola+AC0-Pahar+AC0-Ganj/011P74841+AF8-BZDET,,,,,,
THE MANTOLA COOP THR,https://indiankanoon.org/doc/135595352/,,,,,,
THE MANTOLA COOPERAT,https://www.justdial.com/Delhi/Mantola+AC0-Cooperative+AC0-Thrift+AC0-Credit+AC0-Society+AC0-Ltd+AC0-Mantola+AC0-Pahar+AC0-Ganj/011P74841+AF8-BZDET,,,,,,
THE SARASWAT CO OP ,https://www.saraswatbank.com/,,,,,,
THE VAISH COOP BANK,http://vcabdelhi.in/,,,,,,
THELEPROSYMISSIONTRU,https://www.leprosymission.in/,,,,,,
Think And Learn Pvt,https://in.linkedin.com/company/byjus,,,,,,
Titan Company Ltd,https://www.titan.co.in/,,,,,,
TOYOTAFINSERINDLTD,https://www.scribd.com/document/336257358/AGICL+AC0-AXIS+AC0-BANK+AC0-Statement+AC0-JULY+AC0-2016+AC0-pdf,,,,,,
Aadhar Housing Fi,https://aadharhousing.com/,,,,,,
ABL,https://en.wikipedia.org/wiki/ABL,,,,,,
ADARSHCOOP,http://adarshcredit.in/,,,,,,
ADITYA,https://www.youtube.com/watch?v+AD0-XnbEg2zJIPI,,,,,,
ALPHAFRONT,https://www.goalwise.com/,,,,,,
AND,https://www.andindia.com/,,,,,,
APEXCASTLE,http://apexcastle.com/AboutUs.html,,,,,,
ARTHAYANTRA,https://www.arthayantra.com/,,,,,,
ASHOKHALLGIRL,https://www.facebook.com/public/Shreya+AC0-Saraf/school/Ashok+AC0-Hall+AC0-Girls+AC0-Higher+AC0-Secondary+AC0-School+AC0-134115303276491/,,,,,,
AWADHSAHUCOOP,http://asctcs.in/,,,,,,
BAID LEASING,https://www.balfc.com/,,,,,,
Bajaj Finanac,https://www.bajajfinserv.in/,,,,,,
BAJAJ LIFE,https://www.bajajallianzlife.com/,,,,,,
BAJAJAUTO REP,https://www.bajajauto.com/service/locator,,,,,,
BAJAJFIN,https://www.bajajfinserv.in/,,,,,,
BANSALCREDITS,https://www.zaubacorp.com/company/BANSAL+AC0-CREDITS+AC0-LIMITED/U65993DL1988PLC031421,,,,,,
BHFL,https://www.bajajfinserv.in/corporate+AC0-bajaj+AC0-housing+AC0-finance+AC0-limited+AC0-bhfl,,,,,,
BIRLA SUNLIFE,https://www.adityabirlacapital.com/,,,,,,
BJAJALZLICINH,,,,,,,
BTT,https://coinmarketcap.com/currencies/bittorrent/,,,,,,
Capital First,https://www.capitalfirst.com/,,,,,,
CAPITALFIRSTR,https://www.capitalfirst.com/,,,,,,
Capri Global,https://www.capriglobal.in/,,,,,,
CAPRIGLOBAL,https://www.capriglobal.in/,,,,,,
CHADHA,https://en.wikipedia.org/wiki/Ponty+AF8-Chadha,,,,,,
CHINTAMANI,https://www.youtube.com/watch?v+AD0-sOufc9qYhhA,,,,,,
CHOLAMANDALAM,http://www.cholamandalam.com/,,,,,,
CITY,https://www.youtube.com/watch?v+AD0-Hy4QjmKzF1c,,,,,,
CLICKIRR TECH,https://www.zaubacorp.com/company/CLICKIRR+AC0-TECHNOLOGIES+AC0-PRIVATE+AC0-LIMITED/U93000DL2016PTC303310,,,,,,
COGNUS,http://www.cognustechnology.com/,,,,,,
CPTLFIRSTHOME,https://www.capitalfirst.com/home+AC0-loan,,,,,,
CSLFININHOU,https://archive.org/stream/bub+AF8-gb+AF8-dfIUAAAAQAAJ/bub+AF8-gb+AF8-dfIUAAAAQAAJ+AF8-djvu.txt,,,,,,
Dewan H F L,https://www.dhfl.com/,,,,,,
DEWANHOUSING,https://www.moneycontrol.com/india/stockpricequote/finance+AC0-housing/dewanhousingfinancecorporation/DHF,,,,,,
DPS,http://www.dpsghaziabad.com/,,,,,,
DRPFINANCIAL,http://www.drpfinance.com/,,,,,,
EAM,https://en.wikipedia.org/wiki/Enterprise+AF8-asset+AF8-management,,,,,,
EDENRED,https://edenred.co.in/,,,,,,
ELE,https://vle.exeter.ac.uk/,,,,,,
ETECHACES,http://www.etechaces.com/,,,,,,
FAIRASSETS,https://www.faircent.com/,,,,,,
FUTUREGENERLI,https://general.futuregenerali.in/,,,,,,
GEOJITFINAN,https://twitter.com/geojitfinancial?lang+AD0-en,,,,,,
GIV,https://en.wikipedia.org/wiki/Giv,,,,,,
GROLIER,http://grolier+AC0-asia.com/,,,,,,
GURUDEV,https://en.wikipedia.org/wiki/Gurudev+AF8-(film),,,,,,
HDF,https://www.youtube.com/watch?v+AD0-qitenYvpSx4,,,,,,
HERO,https://www.heromotocorp.com/en+AC0-in/,,,,,,
Hinduja,http://www.hindujagroup.com/,,,,,,
HOME,https://www.youtube.com/watch?v+AD0-jqxENMKaeCU,,,,,,
Home First,https://homefirstindia.com/,,,,,,
HueyTechnolo,http://huey.technology.site2preview.com/,,,,,,
ICICI BANK,https://www.icicibank.com/,,,,,,
ICICIBANK REP,https://www.icicibank.com/managed+AC0-assets/docs/about+AC0-us/2006/BG+AC0-East+AC0-Rep+AC0-Dec06.pdf,,,,,,
IFL,http://www.iflenterprises.com/,,,,,,
IIL,http://www.indimmune.com/,,,,,,
INDIAINFESIGN,https://www.thebalance.com/what+AC0-does+AC0-ach+AC0-stand+AC0-for+AC0-315226,,,,,,
INDIAINFOLINE,https://www.indiainfoline.com/,,,,,,
INDOSTRACAPT,,,,,,,
INDSTARHOME,https://www.facebook.com/hotelgulmor.in/,,,,,,
INTERNATIONAL,https://www.youtube.com/watch?v+AD0-CdXesX6mYUE,,,,,,
Investocafe,https://www.investocafe.com/,,,,,,
IPRUESIGN,,,,,,,
ISHAFOUNDATIO,https://www.ishafoundation.org/?global,,,,,,
ISKCON,http://www.iskcon.org/,,,,,,
JATINDER,https://www.youtube.com/watch?v+AD0-B2IWgAvJDV0,,,,,,
Just Dial,https://www.justdial.com/,,,,,,
KIRANTRADING,http://kirantrading.com/,,,,,,
KOTAK,https://www.kotak.com/en.html,,,,,,
KSL,https://www.ksl.com/,,,,,,
L AND T MATUA,http://www.larsentoubro.com/,,,,,,
LAT,https://en.wiktionary.org/wiki/lat,,,,,,
LENDINGKART,https://www.lendingkart.com/,,,,,,
MAGICBUS,https://www.magicbus.org/,,,,,,
MAGMA HOUSING,https://www.magmahfc.co.in/,,,,,,
MAGMAHOUREP,https://github.com/CDAT/vcs+AC0-js/blob/master/demo/index.html,,,,,,
MANAPPURAM,https://www.manappuram.com/,,,,,,
MobiKwik,https://www.mobikwik.com/,,,,,,
MOTHER DAIRY,https://www.motherdairy.com/,,,,,,
Mswipe Tech,https://www.mswipe.com/,,,,,,
NDXP P,https://www.federalregister.gov/documents/2018/02/13/2018+AC0-02863/self+AC0-regulatory+AC0-organizations+AC0-nasdaq+AC0-phlx+AC0-llc+AC0-notice+AC0-of+AC0-filing+AC0-and+AC0-immediate+AC0-effectiveness+AC0-of,,,,,,
OXF,https://en.oxforddictionaries.com/definition/oxf.,,,,,,
paisa,https://en.wikipedia.org/wiki/Paisa,,,,,,
PAISA ESIGN,https://www.5paisa.com/login+AC0-page,,,,,,
PNBHOUSING,https://www.pnbhousing.com/,,,,,,
PRUDENT,https://www.prudentcorporate.com/,,,,,,
RATTANINDIA,http://www.rattanindia.com/,,,,,,
RELIANCE MF,https://www.reliancemutual.com/,,,,,,
Reliancecomm,http://www.moneycontrol.com/stocks/cptmarket/compsearchnew.php?search+AF8-str+AD0-INE330H01018,,,,,,
RELIANCEESIGN,https://www.youtube.com/watch?v+AD0-ABMhZdg2Tt8,,,,,,
RELIANCEHOME,https://www.reliancehomefinance.com/,,,,,,
RLOAN AXIS BA,https://www.axisbank.com/retail/loans/personal+AC0-loan/features+AC0-benefits,,,,,,
RRF,https://www.washington.edu/research/or/royalty+AC0-research+AC0-fund+AC0-rrf/,,,,,,
SATINHOUSING,https://satinhousingfinance.com/,,,,,,
SAVEFINANCIAL,http://savemicrofinance.com/,,,,,,
SFD,https://sfd.susana.org/about/the+AC0-sfd,,,,,,
SHD,https://www.genecards.org/cgi+AC0-bin/carddisp.pl?gene+AD0-SHD,,,,,,
SHD IN House,https://www.youtube.com/watch?v+AD0-9iAimdDsBKE,,,,,,
SHIKHARMICRO,https://www.justdial.com/Delhi/Shikhar+AC0-Micro+AC0-Finance+AC0-Pvt+AC0-Ltd+AC0-Near+AC0-Car+AC0-Market+AC0-Kishangarh+AC0-Vasant+AC0-Kunj/011PXX11+AC0-XX11+AC0-110528194541+AC0-K3L4+AF8-BZDET,,,,,,
SHUBHAM,https://www.youtube.com/watch?v+AD0-2FBeFz6Q3GQ,,,,,,
SICREVACAPITL,https://sicrevacapital.com/,,,,,,
SLI,https://en.wikipedia.org/wiki/Scalable+AF8-Link+AF8-Interface,,,,,,
SMALLBUSINESS,https://smallbiztrends.com/,,,,,,
SNAPINCREDFIN,,,,,,,
SNAPVISULEAS,,,,,,,
STP,https://en.wikipedia.org/wiki/Standard+AF8-conditions+AF8-for+AF8-temperature+AF8-and+AF8-pressure,,,,,,
SUMANGALMOTOR,https://www.justdial.com/Delhi/Sumangal+AC0-Motors+AC0-Near+AC0-Liberty+AC0-Cinema+AC0-Karol+AC0-Bagh/011PXX11+AC0-XX11+AC0-101203133058+AC0-Y9L7+AF8-BZDET,,,,,,
TATACAPFSL,https://www.tatacapital.com/,,,,,,
Thirumeni Fin,https://varthana.com/,,,,,,
TVS,https://www.tvsmotor.com/,,,,,,
UNOGROWTHTECH,https://www.zaubacorp.com/company/UNOGROWTH+AC0-TECHNOLOGIES+AC0-PRIVATE+AC0-LIMITED/U74999HR2017PTC070709,,,,,,
VIVIFIINDIA,https://www.flexsalary.com/terms+AC0-and+AC0-conditions.php,,,,,,
VJ LEASING,https://www.indiamart.com/vj+AC0-financial/,,,,,,
Wealth India,https://www.fundsindia.com/,,,,,,
WEALTHAPPFIN,https://wealthapp.com/,,,,,,
WHEELSEMI,https://wheelsemi.com/,,,,,,
ZENLEFIN,https://www.capitalfloat.com/company,,,,,,
ADHAR HOUSING FIN,https://aadharhousing.com/,,,,,,
ADITYABIRLA Money,https://stocksandsecurities.adityabirlacapital.com/,,,,,,
ADITYABIRLA SUNLF,https://mutualfund.adityabirlacapital.com/,,,,,,
AHMMEMBERFEE,https://ahm.com.au/,,,,,,
Andhra Bank,https://www.andhrabank.in/,,,,,,
AVIVA INSURANCE,https://www.avivaindia.com/,,,,,,
Axis Bank Ltd,https://www.axisbank.com/,,,,,,
BAJAJ ALLIANZ,https://www.bajajallianz.com/,,,,,,
Bank of Baroda,https://www.bankofbaroda.com/,,,,,,
BANK OF INDIA NRI,https://www.bankofindia.co.in/NRI+AF8-SAVINGS+AF8-ACCOUNT,,,,,,
BIRLA SUNLIFE INS,https://lifeinsurance.adityabirlacapital.com/,,,,,,
BIRLASUNLIFE MF,https://mf.adityabirlacapital.com/Pages/Secured/Individual/OneABC/Login.aspx,,,,,,
BNP MF,https://www.bnpparibasmf.in/,,,,,,
Busan Auto Finan,https://www.bafindia.com/,,,,,,
CAN FIN HOMES LTD,https://www.canfinhomes.com/,,,,,,
CANARA ROBECO MF,https://www.canararobeco.com/,,,,,,
CHOLAMANDALAM,http://www.cholamandalam.com/,,,,,,
CLUB MAHINDRA,http://www.clubmahindra.com/,,,,,,
Cordlife Sciences,https://www.cordlifeindia.com/,,,,,,
Corporation Bank,https://www.corpbank.com/,,,,,,
DEUTSCHE MF,https://www.deutschebank.co.in/mutual+AF8-fund.html,,,,,,
Dewan Housing Fin,http://www.moneycontrol.com/stocks/cptmarket/compsearchnew.php?search+AF8-str+AD0-INE202B01012,,,,,,
DHFL+AF8-Dewan Hsg Fn,https://www.dhfl.com/,,,,,,
DOLPHIN DELHI,http://mtnldelhi.in/dolphinnew/,,,,,,
DSP MF,https://www.dspim.com/,,,,,,
DSPMF Purch,https://www.dspim.com/,,,,,,
ECS DHFL,https://www.dhfl.com/docs/default+AC0-source/downloadform/nach+AC0-mandate.pdf?sfvrsn+AD0-a23651e8+AF8-2,,,,,,
ECS MAKE,https://aws.amazon.com/getting+AC0-started/tutorials/deploy+AC0-docker+AC0-containers/,,,,,,
EDELWEISS ASSET,https://www.edelweissmf.com/,,,,,,
EDELWEISS HOUSING,https://www.edelweisshousingfin.com/,,,,,,
Escort AMC,https://www.moneycontrol.com/mutual+AC0-funds/amc+AC0-details/ES,,,,,,
ExideLife INGLife,https://www.exidelife.in/,,,,,,
EXPATECSDBT,https://www.franklintempletonindia.com/investor/index,,,,,,
FranklinTempleton,https://www.fullertonindia.com/,,,,,,
Fullerton India,https://general.futuregenerali.in/,,,,,,
Future Generali,https://www.consumercomplaints.in/futurem+AC0-capital+AC0-finance+AC0-electronics+AC0-product+AC0-loan+AC0-for+AC0-lg+AC0-television+AC0-loan+AC0-c1168124,,,,,,
FUTUREM CAPITAL F,https://www.hdfcfund.com/,,,,,,
HDFC MF,https://www.policybazaar.com/insurance+AC0-companies/hdfc+AC0-life+AC0-insurance/,,,,,,
HDFC STD LIFINS,https://www.herofincorp.com/,,,,,,
HERO FINCORP,https://homefirstindia.com/,,,,,,
Home First Financ,http://www.hsbc.co.in/1/2/personal/loans/personal+AC0-loan,,,,,,
HSBC LOAN,https://www.toyotafinance.co.in/,,,,,,
HSBC TOYOTA FINAN,https://www.icicibank.com/,,,,,,
ICICI BANK,https://www.iciciprulife.com/,,,,,,
ICICI PRULIFE,https://www.idfcmf.com/,,,,,,
IDFC MF,https://www.researchgate.net/publication/264268725+AF8-Forensic+AF8-Investigation+AF8-of+AF8-Fire+AC0-affected+AF8-Reinforced+AF8-Concrete+AF8-Buildings,,,,,,
Idirect MandtTran,https://www.indiabulls.com/,,,,,,
INDIA BULLS,https://www.indiainfoline.com/,,,,,,
India Infoline In,https://searchwindowsserver.techtarget.com/definition/Electronic+AC0-Funds+AC0-Transfer+AC0-EFT,,,,,,
INWARD EFT,https://www.icicipruamc.com/,,,,,,
IPRUMF ,https://www.npci.org.in/nach+AC0-notified+AC0-documents,,,,,,
JFS ECS DBT,https://am.jpmorgan.com/us/en/asset+AC0-management/gim/adv/home,,,,,,
JP MORGAN ASSET,https://www.justdial.com/,,,,,,
JUST DIAL,https://insurance.kotak.com/,,,,,,
Kotak Life Ins,https://assetmanagement.kotak.com/,,,,,,
KOTAK MF,https://www.quora.com/Why+AC0-is+AC0-my+AC0-money+AC0-debit+AC0-due+AC0-to+AC0-ECS+AC0-ACH+AC0-CH+AC0-in+AC0-an+AC0-SBI+AC0-savings+AC0-account,,,,,,
KSL ECS DPCharges,https://www.ltfs.com/,,,,,,
L T Fin Citi Fin,http://www.ltfs.com/companies/lnt+AC0-investment+AC0-management/lnt+AC0-mutual+AC0-fund.html,,,,,,
L T Mutual Fund,https://magma.co.in/,,,,,,
Magma Fincorp Ltd,https://www.magmahfc.co.in/,,,,,,
MAGMA HOUSING FIN,https://www.maxlifeinsurance.com/,,,,,,
Max Nyl,https://www.pnbmetlife.com/,,,,,,
MetLife Ind Ins,http://www.modexindia.com/,,,,,,
Modex Int Sec Ltd,https://www.mswipe.com/,,,,,,
MSWIPE TECHNO LTD,https://www.muthoothousing.com/,,,,,,
Muthoot Housing F,https://www.shriramhousing.in/,,,,,,
NACH SHFL,http://www.njwealth.in/njwealth/toolsandresources.fin?cmdAction+AD0-loadFinTool+ACY-sipPlanner,,,,,,
NJ Ind Invst SIP,https://www.oxfamindia.org/,,,,,,
OXFAM INDIA,https://www.pnbhousing.com/,,,,,,
PNB Housing Fin,https://www.principalindia.com/,,,,,,
PRINCIPAL MF,https://www.reliancemutual.com/,,,,,,
RELAINCE MF NEW,https://www.reliancenipponlife.com/,,,,,,
Reliance Life,https://investeasy.reliancemutual.com/online/forgotpassword/updatecontact,,,,,,
Reliance MF Mobil,https://www.religarehealthinsurance.com/,,,,,,
Religare,https://www.religarehomeloans.com/,,,,,,
Religare housing,http://www.religareonline.com/,,,,,,
Religare Securiti,https://www.sc.com/in/loans/home+AC0-property+AC0-loans/home+AC0-loans/,,,,,,
SCB India Inf HFL,https://scufgaming.com/s/about+AC0-us/,,,,,,
SCUF NORTH,https://www.sharekhan.com/,,,,,,
Sharekhan Ltd,https://shubham.co/,,,,,,
SHUBHAMHOUSINGDEV,http://www.sbfc.com/,,,,,,
SMALLBUSINESS FIN,https://www.sc.com/global/av/in+AC0-priority+AC0-banking+AC0-sos+AC0-01+AC0-feb17.pdf,,,,,,
StanChart SOS,https://www.sundarambnpphome.in/,,,,,,
SUNDARAM H F L,https://www.sundarammutual.com/,,,,,,
SUNDARAM MF,http://www.tatamutualfund.com/investor/buying+AC0-our+AC0-funds/ways+AC0-to+AC0-invest/systematic+AC0-investment+AC0-plan,,,,,,
TATA MF RFMG ,http://www.tatamutualfund.com/investor/invest+AC0-online,,,,,,
TATA MF RFPG ,https://www.moneycontrol.com/mutual+AC0-funds/nav/tata+AC0-young+AC0-citizens+AC0-fund+AC0-regular+AC0-plan/MTA002,,,,,,
TATA MF YCF ,https://www.tmf.co.in/,,,,,,
TMFL ,https://www.tvscredit.com/,,,,,,
TVS FINANCE,https://donatetounicef.in/,,,,,,
UNICEF Donation,https://www.unionbankofindia.co.in/,,,,,,
Union Bank India,http://www.vistaarfinance.com/,,,,,,
Vistaar Finance,https://www.facebook.com/VyaktiVikasKendraIndia/,,,,,,
VYAKTI VIKAS,https://www.fundsindia.com/,,,,,,
Wealth India Fina,https://www.yesbank.in/personal+AC0-banking/yes+AC0-individual/loans/personal+AC0-loans,,,,,,
YES BANK LTD LOAN,https://economictimes.indiatimes.com/markets/expert+AC0-view/if+AC0-there+AC0-is+AC0-further+AC0-delay+AC0-in+AC0-yes+AC0-bank+AC0-raising+AC0-capital+AC0-then+AC0-growth+AC0-will+AC0-be+AC0-a+AC0-big+AC0-concern+AC0-siddharth+AC0-purohit+AC0-smc+AC0-global/articleshow/69342251.cms,,,,,,
YES BANK SMC GLOB,https://abfl.adityabirlacapital.com/Pages/Individual/About+AC0-Us/Company+AC0-Profile.aspx,,,,,,
TPADITYABIRLAFINANCE,https://magma.co.in/loans/,,,,,,
TPAMAGMAEMI,,,,,,,
TPAXIS CRYOBANK ECS,,,,,,,
TPAXIS DelhiGymkhana,https://www.justdial.com/Delhi/Taxi+AC0-Services+AC0-in+AC0-Delhi+AC0-Gymkhana+AC0-Club+AC0-Safdarjung+AC0-Lane/nct+AC0-10472932,,,,,,
TPAXIS NARAYANECS,https://www.team+AC0-bhp.com/forum/street+AC0-experiences/199461+AC0-my+AC0-experience+AC0-running+AC0-uber+AC0-ola+AC0-taxi.html,,,,,,
TPBFL L ADEL ,https://www.compasslexecon.com/professionals/l+AC0-adel+AC0-turki/,,,,,,
TPBFL L WDEL ,https://www.wdel.com/,,,,,,
TPBFL L WNOI ,https://www.newspapers.com/newspage/27315391/,,,,,,
TPBNK OF MAHARASHTRA,https://www.bankbazaar.com/ifsc+AC0-code/bank+AC0-of+AC0-maharashtra/maharashtra/bid/tps+AC0-parli+AC0-vaijnath+AC0-branch.html,,,,,,
TPCapfrst nowIDFC BK,https://www.livemint.com/Companies/nN8S5UjphAe4EjLTxmZ0IM/Capital+AC0-First+AC0-merges+AC0-with+AC0-IDFC+AC0-Bank+AC0-to+AC0-create+AC0-IDFC+AC0-First+AC0-Ban.html,,,,,,
TPCAPITAL F HOME FIN,https://www.moneycontrol.com/india/stockpricequote/finance+AC0-housing/reliancehomefinance/RHF01,,,,,,
TPCCFIL LOAN ,https://www.consumercomplaints.in/complaints/ecs+AC0-dr+AC0-tpccfil+AC0-loan+AC0-141980+AC0-thane+AC0-thane+AC0-maharashtra+AC0-c694206.html,,,,,,
TPCF BAJAJ FINANCE,https://www.complaintboard.in/complaints+AC0-reviews/ecs+AC0-tpcf+AC0-bajaj+AC0-finance+AC0-l696701.html,,,,,,
TPFAMILY CR Citi Fin,https://www.online.citibank.co.in/,,,,,,
TPSBI LIFE INSURANCE,https://www.irdai.gov.in/ADMINCMS/cms/NormalData+AF8-Layout.aspx?page+AD0-PageNo129+ACY-mid+AD0-3.1.9,,,,,,
TPScripbox com India,https://scripbox.com/,,,,,,
TRIRATNA INSTITUTE,https://thebuddhistcentre.com/Triratna+AC0-Institute,,,,,,
TRUE BLUE FINLEASE L,https://www.justdial.com/Delhi/True+AC0-Blue+AC0-Finlease+AC0-Ltd+AC0-J+AC0-BlockNear+AC0-More+AC0-Store+AC0-Tilak+AC0-Nagar/011PXX11+AC0-XX11+AC0-001082321418+AC0-N1B8+AF8-BZDET,,,,,,
TVS CREDIT SERVICES,https://www.tvscredit.com/,,,,,,
TVSCreditServicesLim,https://www.tvscredit.com/,,,,,,
TVSCREDITSERVLTD,https://www.tvscredit.com/,,,,,,
UAE Exchange,https://www.uaeexchange.com/,,,,,,
UCOBANK,https://www.ucobank.com/,,,,,,
Udyog Software I LTD,https://www.udyogsoftware.com/,,,,,,
UJJIVANSMALLFINANCEB,https://www.ujjivansfb.in/,,,,,,
UMMEEDHOUSINGFINANCE,https://www.ummeedhfc.com/,,,,,,
UMMEEDHOUSINGFINPVTL,https://www.ummeedhfc.com/,,,,,,
UNICEF,https://www.unicef.org/,,,,,,
UNICORNDENMARTLIMITE,http://www.unicorndenmart.com/,,,,,,
UNION BANK OF INDIA,https://www.unionbankofindia.co.in/,,,,,,
UpharFinvestLtd,https://www.justdial.com/Delhi/Uphar+AC0-Finvest+AC0-Ltd+AC0-Registered+AC0-Office+AC0-Opposite+AC0-BSES+AC0-Office+AC0-Nehru+AC0-Place/011PXX11+AC0-XX11+AC0-140520151907+AC0-P5U2+AF8-BZDET,,,,,,
USER ,https://en.wikipedia.org/wiki/User+AF8-(computing),,,,,,
USHA FINANCIAL SERVI,http://www.ushafinancial.com/,,,,,,
VADODARA ZONE,http://ccovadodarazone.gov.in/en+AF8-US/home/,,,,,,
VAIBHAV SHREE CO OPE,http://vaibhavsociety.com/,,,,,,
VAIBHAVSHREECOTCRSCL,https://www.youtube.com/watch?v+AD0-o37QmMFFlsw,,,,,,
VASTU HOUSING FINANC,https://www.vastuhfc.com/,,,,,,
VEDAVYSADAVPUBLICSCH,http://vvdav.org/,,,,,,
VENTURA SECURITIES L,https://www.ventura1.com/Home.aspx,,,,,,
VIG K FINANCE PRIVAT,https://www.vigkfinance.com/,,,,,,
VIJAY GUPTA AND COMP,https://in.linkedin.com/in/vijay+AC0-gupta+AC0-a1995927,,,,,,
VINTAGECREDITLEASE,https://www.justdial.com/Delhi/Vintage+AC0-Credit+AC0-Leasing+AC0-Pvt+AC0-Ltd+AC0-Opposite+AC0-Karnataka+AC0-Bank+AC0-Patel+AC0-Nagar/011PK010375+AF8-BZDET,,,,,,
VISTAAR FINANCIAL SE,http://www.vistaarfinance.com/,,,,,,
VistaarFinancialServ,http://www.vistaarfinance.com/,,,,,,
VISU LEASING AND FIN,https://www.incred.com/faq.html,,,,,,
VODAFONE,https://www.vodafone.in/,,,,,,
VYAKTIVIKASKIND,https://in.linkedin.com/company/vyakti+AC0-vikas+AC0-kendra+AC0-india,,,,,,
WEALTHINDFINSERPLD,,,,,,,
WILDLIFE SOS,https://www.wildlifesos.org/,,,,,,
WOOD CAPITAL FINANCE,https://www.zaubacorp.com/company/WOOD+AC0-CAPITAL+AC0-FINANCE+AC0-LIMITED/U65999MP1992PLC007399,,,,,,
WORLD VISION INDIA,https://www.worldvision.in/,,,,,,
WWFINDIA,https://www.wwfindia.org/,,,,,,
YES BANK LTD MERCHAN,https://www.yesbank.in/yes+AC0-corporate/investment+AC0-banking/merchant+AC0-banking,,,,,,
YES BANK RETAIL ASSE,https://www.yesbank.in/digital+AC0-banking/online+AC0-banking/retail+AC0-net+AC0-banking,,,,,,
Zen Lefin Pvt Ltd,https://www.capitalfloat.com/company,,,,,,
